Agent,Version,Date Modified,Modified By,Explicitly Defined,Context,Command Name,Description,Command Variations,Priority,Priority for Variation,Tag(s)
"Timer","1.0","Unknown","Unknown",True,"Get Time","Get Time","","<timer_time>","","0",""
"Timer","1.0","Unknown","Unknown",True,"Confirm Start Timer","Confirm Start Timer - Confirmed","","好","","0",""
"Timer","1.0","Unknown","Unknown",True,"Confirm Start Timer","Confirm Start Timer - Confirmed","","开始","","0",""
"Timer","1.0","Unknown","Unknown",True,"Confirm Start Timer","Confirm Start Timer - Confirmed","","开启","","1",""
"Timer","1.0","Unknown","Unknown",True,"Confirm Start Timer","Confirm Start Timer - Confirmed","","开动","","1",""
"Timer","1.0","Unknown","Unknown",True,"Confirm Start Timer","Confirm Start Timer - Confirmed","","行","","1",""
"Timer","1.0","Unknown","Unknown",True,"Confirm Start Timer","Confirm Start Timer - Confirmed","","恩","","1",""
"Timer","1.0","Unknown","Unknown",True,"Confirm Start Timer","Confirm Start Timer - Confirmed","","嗯","","1",""
"Timer","1.0","Unknown","Unknown",True,"Confirm Start Timer","Confirm Start Timer - Confirmed","","是","","1",""
"Timer","1.0","Unknown","Unknown",True,"Confirm Start Timer","Confirm Start Timer - Confirmed","","要","","1",""
"Timer","1.0","Unknown","Unknown",True,"Confirm Start Timer","Confirm Start Timer - Confirmed","","是 的","","1",""
"Timer","1.0","Unknown","Unknown",True,"Confirm Start Timer","Confirm Start Timer - Confirmed","","确定","","1",""
"Timer","1.0","Unknown","Unknown",True,"Confirm Start Timer","Confirm Start Timer - Confirmed","","可以","","1",""
"Timer","1.0","Unknown","Unknown",True,"Confirm Start Timer","Confirm Start Timer - Confirmed","","继续","","1",""
"Timer","1.0","Unknown","Unknown",True,"Confirm Start Timer","Confirm Start Timer - Confirmed","","允许","","1",""
"Timer","1.0","Unknown","Unknown",True,"Confirm Start Timer","Confirm Start Timer - Rejected","","不","","0",""
"Timer","1.0","Unknown","Unknown",True,"Confirm Start Timer","Confirm Start Timer - Rejected","","取消","","0",""
"Timer","1.0","Unknown","Unknown",True,"Confirm Start Timer","Confirm Start Timer - Rejected","","关掉","","1",""
"Timer","1.0","Unknown","Unknown",True,"Confirm Start Timer","Confirm Start Timer - Rejected","","退出","","1",""
"Timer","1.0","Unknown","Unknown",True,"Confirm Start Timer","Confirm Start Timer - Rejected","","别","","1",""
"Timer","1.0","Unknown","Unknown",True,"Confirm Start Timer","Confirm Start Timer - Rejected","","不必","","1",""
"Timer","1.0","Unknown","Unknown",True,"Confirm Start Timer","Confirm Start Timer - Rejected","","没关系","","1",""
"Timer","1.0","Unknown","Unknown",True,"Confirm Start Timer","Confirm Start Timer - Rejected","","去除","","1",""
"Timer","1.0","Unknown","Unknown",True,"Confirm Start Timer","Confirm Start Timer - Rejected","","拒绝","","1",""
"Timer","1.0","Unknown","Unknown",True,"Confirm Start Timer","Confirm Start Timer - Rejected","","不用","","1",""
"Timer","1.0","Unknown","Unknown",True,"Confirm Start Timer","Confirm Start Timer - Rejected","","关","","1",""
"Timer","1.0","Unknown","Unknown",True,"Confirm Start Timer","Confirm Start Timer - Rejected","","关闭","","1",""
"Timer","1.0","Unknown","Unknown",True,"Confirm Start Timer","Confirm Start Timer - Rejected","","不要","","1",""
"Timer","1.0","Unknown","Unknown",True,"Confirm Start Timer","Confirm Start Timer - Change Time Catch","","改 时间","","0",""
"Timer","1.0","Unknown","Unknown",True,"Confirm Start Timer","Confirm Start Timer - Change Time Catch","","变 变 时间","","1",""
"Timer","1.0","Unknown","Unknown",True,"Confirm Start Timer","Confirm Start Timer - Change Time Catch","","改 改 时间","","1",""
"Timer","1.0","Unknown","Unknown",True,"Confirm Start Timer","Confirm Start Timer - Change Time Catch","","时间 改","","1",""
"Timer","1.0","Unknown","Unknown",True,"Confirm Start Timer","Confirm Start Timer - Change Time Catch","","改变 时间","","1",""
"Timer","1.0","Unknown","Unknown",True,"Confirm Start Timer","Confirm Start Timer - Change Time Catch","","变 一 变 时间","","1",""
"Timer","1.0","Unknown","Unknown",True,"Confirm Start Timer","Confirm Start Timer - Change Time Catch","","改 一改 时间","","1",""
"Timer","1.0","Unknown","Unknown",True,"Confirm Start Timer","Confirm Start Timer - Change Time Catch","","变 时间","","1",""
"Timer","1.0","Unknown","Unknown",True,"Confirm Start Timer","Confirm Start Timer - Change Time Catch","","时间 改 改","","2",""
"Timer","1.0","Unknown","Unknown",True,"Confirm Start Timer","Confirm Start Timer - Change Time Catch","","时间 变 一 变","","2",""
"Timer","1.0","Unknown","Unknown",True,"Confirm Start Timer","Confirm Start Timer - Change Time Catch","","时间 改变","","2",""
"Timer","1.0","Unknown","Unknown",True,"Confirm Start Timer","Confirm Start Timer - Change Time Catch","","时间 变 变","","2",""
"Timer","1.0","Unknown","Unknown",True,"Confirm Start Timer","Confirm Start Timer - Change Time Catch","","时间 变","","2",""
"Timer","1.0","Unknown","Unknown",True,"Confirm Start Timer","Confirm Start Timer - Change Time Catch","","时间 改 一改","","2",""
"Timer","1.0","Unknown","Unknown",True,"Confirm Start Timer","Confirm Start Timer - Change Time","","时间 改 成 <timer_time>","","0",""
"Timer","1.0","Unknown","Unknown",True,"Confirm Start Timer","Confirm Start Timer - Change Time","","时间 改 为 <timer_time>","","0",""
"Timer","1.0","Unknown","Unknown",True,"Confirm Start Timer","Confirm Start Timer - Change Time","","时间 改 <timer_time>","","0",""
"Timer","1.0","Unknown","Unknown",True,"Confirm Start Timer","Confirm Start Timer - Change Time","","时间 改变 成 <timer_time>","","1",""
"Timer","1.0","Unknown","Unknown",True,"Confirm Start Timer","Confirm Start Timer - Change Time","","时间 改 一改 成 <timer_time>","","1",""
"Timer","1.0","Unknown","Unknown",True,"Confirm Start Timer","Confirm Start Timer - Change Time","","时间 变 一 变 <timer_time>","","1",""
"Timer","1.0","Unknown","Unknown",True,"Confirm Start Timer","Confirm Start Timer - Change Time","","时间 变 一 变 成 <timer_time>","","1",""
"Timer","1.0","Unknown","Unknown",True,"Confirm Start Timer","Confirm Start Timer - Change Time","","时间 改变 <timer_time>","","1",""
"Timer","1.0","Unknown","Unknown",True,"Confirm Start Timer","Confirm Start Timer - Change Time","","时间 变 变 <timer_time>","","1",""
"Timer","1.0","Unknown","Unknown",True,"Confirm Start Timer","Confirm Start Timer - Change Time","","时间 改 一改 为 <timer_time>","","1",""
"Timer","1.0","Unknown","Unknown",True,"Confirm Start Timer","Confirm Start Timer - Change Time","","时间 改 一改 <timer_time>","","1",""
"Timer","1.0","Unknown","Unknown",True,"Confirm Start Timer","Confirm Start Timer - Change Time","","时间 变 <timer_time>","","1",""
"Timer","1.0","Unknown","Unknown",True,"Confirm Start Timer","Confirm Start Timer - Change Time","","时间 变 变 成 <timer_time>","","1",""
"Timer","1.0","Unknown","Unknown",True,"Confirm Start Timer","Confirm Start Timer - Change Time","","时间 改 改 成 <timer_time>","","1",""
"Timer","1.0","Unknown","Unknown",True,"Confirm Start Timer","Confirm Start Timer - Change Time","","时间 改变 为 <timer_time>","","1",""
"Timer","1.0","Unknown","Unknown",True,"Confirm Start Timer","Confirm Start Timer - Change Time","","时间 变 变 为 <timer_time>","","1",""
"Timer","1.0","Unknown","Unknown",True,"Confirm Start Timer","Confirm Start Timer - Change Time","","时间 变 为 <timer_time>","","1",""
"Timer","1.0","Unknown","Unknown",True,"Confirm Start Timer","Confirm Start Timer - Change Time","","时间 改 改 为 <timer_time>","","1",""
"Timer","1.0","Unknown","Unknown",True,"Confirm Start Timer","Confirm Start Timer - Change Time","","时间 改 改 <timer_time>","","1",""
"Timer","1.0","Unknown","Unknown",True,"Confirm Start Timer","Confirm Start Timer - Change Time","","时间 变 成 <timer_time>","","1",""
"Timer","1.0","Unknown","Unknown",True,"Confirm Start Timer","Confirm Start Timer - Change Time","","时间 变 一 变 为 <timer_time>","","1",""
"Timer","1.0","Unknown","Unknown",True,"Confirm Start Timer","Confirm Start Timer - Wait","","等","","0",""
"Timer","1.0","Unknown","Unknown",True,"Confirm Start Timer","Confirm Start Timer - Wait","","等 一 等","","1",""
"Timer","1.0","Unknown","Unknown",True,"Confirm Start Timer","Confirm Start Timer - Wait","","稍 等","","1",""
"Timer","1.0","Unknown","Unknown",True,"Confirm New Timer","Confirm New Timer - Confirmed","","好","","0",""
"Timer","1.0","Unknown","Unknown",True,"Confirm New Timer","Confirm New Timer - Confirmed","","确定","","1",""
"Timer","1.0","Unknown","Unknown",True,"Confirm New Timer","Confirm New Timer - Confirmed","","嗯","","1",""
"Timer","1.0","Unknown","Unknown",True,"Confirm New Timer","Confirm New Timer - Confirmed","","恩","","1",""
"Timer","1.0","Unknown","Unknown",True,"Confirm New Timer","Confirm New Timer - Confirmed","","要","","1",""
"Timer","1.0","Unknown","Unknown",True,"Confirm New Timer","Confirm New Timer - Confirmed","","行","","1",""
"Timer","1.0","Unknown","Unknown",True,"Confirm New Timer","Confirm New Timer - Confirmed","","可以","","1",""
"Timer","1.0","Unknown","Unknown",True,"Confirm New Timer","Confirm New Timer - Confirmed","","继续","","1",""
"Timer","1.0","Unknown","Unknown",True,"Confirm New Timer","Confirm New Timer - Confirmed","","是 的","","1",""
"Timer","1.0","Unknown","Unknown",True,"Confirm New Timer","Confirm New Timer - Confirmed","","允许","","1",""
"Timer","1.0","Unknown","Unknown",True,"Confirm New Timer","Confirm New Timer - Confirmed","","是","","1",""
"Timer","1.0","Unknown","Unknown",True,"Confirm New Timer","Confirm New Timer - Rejected","","不","","0",""
"Timer","1.0","Unknown","Unknown",True,"Confirm New Timer","Confirm New Timer - Rejected","","别","","1",""
"Timer","1.0","Unknown","Unknown",True,"Confirm New Timer","Confirm New Timer - Rejected","","不要","","1",""
"Timer","1.0","Unknown","Unknown",True,"Confirm New Timer","Confirm New Timer - Rejected","","不必","","1",""
"Timer","1.0","Unknown","Unknown",True,"Confirm New Timer","Confirm New Timer - Rejected","","取消","","1",""
"Timer","1.0","Unknown","Unknown",True,"Confirm New Timer","Confirm New Timer - Rejected","","保持","","1",""
"Timer","1.0","Unknown","Unknown",True,"Confirm New Timer","Confirm New Timer - Rejected","","没关系","","1",""
"Timer","1.0","Unknown","Unknown",True,"Confirm New Timer","Confirm New Timer - Rejected","","关掉","","1",""
"Timer","1.0","Unknown","Unknown",True,"Confirm New Timer","Confirm New Timer - Rejected","","不用","","1",""
"Timer","1.0","Unknown","Unknown",True,"Confirm New Timer","Confirm New Timer - Rejected","","拒绝","","1",""
"Timer","1.0","Unknown","Unknown",True,"Confirm New Timer with Time","Confirm New Timer with Time - Confirmed","","好","","0",""
"Timer","1.0","Unknown","Unknown",True,"Confirm New Timer with Time","Confirm New Timer with Time - Confirmed","","嗯","","1",""
"Timer","1.0","Unknown","Unknown",True,"Confirm New Timer with Time","Confirm New Timer with Time - Confirmed","","可以","","1",""
"Timer","1.0","Unknown","Unknown",True,"Confirm New Timer with Time","Confirm New Timer with Time - Confirmed","","是","","1",""
"Timer","1.0","Unknown","Unknown",True,"Confirm New Timer with Time","Confirm New Timer with Time - Confirmed","","确定","","1",""
"Timer","1.0","Unknown","Unknown",True,"Confirm New Timer with Time","Confirm New Timer with Time - Confirmed","","行","","1",""
"Timer","1.0","Unknown","Unknown",True,"Confirm New Timer with Time","Confirm New Timer with Time - Confirmed","","允许","","1",""
"Timer","1.0","Unknown","Unknown",True,"Confirm New Timer with Time","Confirm New Timer with Time - Confirmed","","要","","1",""
"Timer","1.0","Unknown","Unknown",True,"Confirm New Timer with Time","Confirm New Timer with Time - Confirmed","","是 的","","1",""
"Timer","1.0","Unknown","Unknown",True,"Confirm New Timer with Time","Confirm New Timer with Time - Confirmed","","继续","","1",""
"Timer","1.0","Unknown","Unknown",True,"Confirm New Timer with Time","Confirm New Timer with Time - Confirmed","","恩","","1",""
"Timer","1.0","Unknown","Unknown",True,"Confirm New Timer with Time","Confirm New Timer with Time - Rejected","","不","","0",""
"Timer","1.0","Unknown","Unknown",True,"Confirm New Timer with Time","Confirm New Timer with Time - Rejected","","不用","","1",""
"Timer","1.0","Unknown","Unknown",True,"Confirm New Timer with Time","Confirm New Timer with Time - Rejected","","关掉","","1",""
"Timer","1.0","Unknown","Unknown",True,"Confirm New Timer with Time","Confirm New Timer with Time - Rejected","","保持","","1",""
"Timer","1.0","Unknown","Unknown",True,"Confirm New Timer with Time","Confirm New Timer with Time - Rejected","","不必","","1",""
"Timer","1.0","Unknown","Unknown",True,"Confirm New Timer with Time","Confirm New Timer with Time - Rejected","","没关系","","1",""
"Timer","1.0","Unknown","Unknown",True,"Confirm New Timer with Time","Confirm New Timer with Time - Rejected","","不要","","1",""
"Timer","1.0","Unknown","Unknown",True,"Confirm New Timer with Time","Confirm New Timer with Time - Rejected","","拒绝","","1",""
"Timer","1.0","Unknown","Unknown",True,"Confirm New Timer with Time","Confirm New Timer with Time - Rejected","","别","","1",""
"Timer","1.0","Unknown","Unknown",True,"Confirm New Timer with Time","Confirm New Timer with Time - Rejected","","取消","","1",""
"Timer","1.0","Unknown","Unknown",True,"Confirm New Timer with Time","Confirm New Timer with Time - New Time","","<timer_time>","","0",""
"Timer","1.0","Unknown","Unknown",True,"Confirm New Timer with Time","Confirm New Timer with Time - New Time","","改 为 <timer_time>","","1",""
"Timer","1.0","Unknown","Unknown",True,"Confirm New Timer with Time","Confirm New Timer with Time - New Time","","改 成 <timer_time>","","1",""
"Timer","1.0","Unknown","Unknown",True,"Confirm New Timer with Time","Confirm New Timer with Time - New Time","","改变 成 <timer_time>","","2",""
"Timer","1.0","Unknown","Unknown",True,"Confirm New Timer with Time","Confirm New Timer with Time - New Time","","改变 为 <timer_time>","","2",""
"Timer","1.0","Unknown","Unknown",True,"Confirm New Timer with Time","Confirm New Timer with Time - New Time","","变 一 变 成 <timer_time>","","2",""
"Timer","1.0","Unknown","Unknown",True,"Confirm New Timer with Time","Confirm New Timer with Time - New Time","","变 变 成 <timer_time>","","2",""
"Timer","1.0","Unknown","Unknown",True,"Confirm New Timer with Time","Confirm New Timer with Time - New Time","","变 为 <timer_time>","","2",""
"Timer","1.0","Unknown","Unknown",True,"Confirm New Timer with Time","Confirm New Timer with Time - New Time","","改 改 成 <timer_time>","","2",""
"Timer","1.0","Unknown","Unknown",True,"Confirm New Timer with Time","Confirm New Timer with Time - New Time","","改 一改 为 <timer_time>","","2",""
"Timer","1.0","Unknown","Unknown",True,"Confirm New Timer with Time","Confirm New Timer with Time - New Time","","变 一 变 为 <timer_time>","","2",""
"Timer","1.0","Unknown","Unknown",True,"Confirm New Timer with Time","Confirm New Timer with Time - New Time","","改 改 为 <timer_time>","","2",""
"Timer","1.0","Unknown","Unknown",True,"Confirm New Timer with Time","Confirm New Timer with Time - New Time","","变 变 为 <timer_time>","","2",""
"Timer","1.0","Unknown","Unknown",True,"Confirm New Timer with Time","Confirm New Timer with Time - New Time","","变 成 <timer_time>","","2",""
"Timer","1.0","Unknown","Unknown",True,"Confirm New Timer with Time","Confirm New Timer with Time - New Time","","改 一改 成 <timer_time>","","2",""
"Timer","1.0","Unknown","Unknown",True,"Confirm Reset","Confirm Reset - Confirmed","","好","","0",""
"Timer","1.0","Unknown","Unknown",True,"Confirm Reset","Confirm Reset - Confirmed","","可以","","1",""
"Timer","1.0","Unknown","Unknown",True,"Confirm Reset","Confirm Reset - Confirmed","","允许","","1",""
"Timer","1.0","Unknown","Unknown",True,"Confirm Reset","Confirm Reset - Confirmed","","是","","1",""
"Timer","1.0","Unknown","Unknown",True,"Confirm Reset","Confirm Reset - Confirmed","","是 的","","1",""
"Timer","1.0","Unknown","Unknown",True,"Confirm Reset","Confirm Reset - Confirmed","","要","","1",""
"Timer","1.0","Unknown","Unknown",True,"Confirm Reset","Confirm Reset - Confirmed","","行","","1",""
"Timer","1.0","Unknown","Unknown",True,"Confirm Reset","Confirm Reset - Confirmed","","嗯","","1",""
"Timer","1.0","Unknown","Unknown",True,"Confirm Reset","Confirm Reset - Confirmed","","确定","","1",""
"Timer","1.0","Unknown","Unknown",True,"Confirm Reset","Confirm Reset - Confirmed","","继续","","1",""
"Timer","1.0","Unknown","Unknown",True,"Confirm Reset","Confirm Reset - Confirmed","","恩","","1",""
"Timer","1.0","Unknown","Unknown",True,"Confirm Reset","Confirm Reset - Confirmed","","重 置","","1",""
"Timer","1.0","Unknown","Unknown",True,"Confirm Reset","Confirm Reset - Confirmed","","重设","","2",""
"Timer","1.0","Unknown","Unknown",True,"Confirm Reset","Confirm Reset - Rejected","","不","","0",""
"Timer","1.0","Unknown","Unknown",True,"Confirm Reset","Confirm Reset - Rejected","","不用","","1",""
"Timer","1.0","Unknown","Unknown",True,"Confirm Reset","Confirm Reset - Rejected","","保持","","1",""
"Timer","1.0","Unknown","Unknown",True,"Confirm Reset","Confirm Reset - Rejected","","不必","","1",""
"Timer","1.0","Unknown","Unknown",True,"Confirm Reset","Confirm Reset - Rejected","","别","","1",""
"Timer","1.0","Unknown","Unknown",True,"Confirm Reset","Confirm Reset - Rejected","","关掉","","1",""
"Timer","1.0","Unknown","Unknown",True,"Confirm Reset","Confirm Reset - Rejected","","拒绝","","1",""
"Timer","1.0","Unknown","Unknown",True,"Confirm Reset","Confirm Reset - Rejected","","取消","","1",""
"Timer","1.0","Unknown","Unknown",True,"Confirm Reset","Confirm Reset - Rejected","","没关系","","1",""
"Timer","1.0","Unknown","Unknown",True,"Confirm Reset","Confirm Reset - Rejected","","不要","","1",""
"Timer","1.0","Unknown","Unknown",True,"Confirm Start Tasks","Confirm Start Tasks - Confirmed","","开始","","0",""
"Timer","1.0","Unknown","Unknown",True,"Confirm Start Tasks","Confirm Start Tasks - Confirmed","","好","","0",""
"Timer","1.0","Unknown","Unknown",True,"Confirm Start Tasks","Confirm Start Tasks - Confirmed","","可以","","1",""
"Timer","1.0","Unknown","Unknown",True,"Confirm Start Tasks","Confirm Start Tasks - Confirmed","","继续","","1",""
"Timer","1.0","Unknown","Unknown",True,"Confirm Start Tasks","Confirm Start Tasks - Confirmed","","是","","1",""
"Timer","1.0","Unknown","Unknown",True,"Confirm Start Tasks","Confirm Start Tasks - Confirmed","","行","","1",""
"Timer","1.0","Unknown","Unknown",True,"Confirm Start Tasks","Confirm Start Tasks - Confirmed","","是 的","","1",""
"Timer","1.0","Unknown","Unknown",True,"Confirm Start Tasks","Confirm Start Tasks - Confirmed","","恩","","1",""
"Timer","1.0","Unknown","Unknown",True,"Confirm Start Tasks","Confirm Start Tasks - Confirmed","","确定","","1",""
"Timer","1.0","Unknown","Unknown",True,"Confirm Start Tasks","Confirm Start Tasks - Confirmed","","允许","","1",""
"Timer","1.0","Unknown","Unknown",True,"Confirm Start Tasks","Confirm Start Tasks - Confirmed","","嗯","","1",""
"Timer","1.0","Unknown","Unknown",True,"Confirm Start Tasks","Confirm Start Tasks - Confirmed","","要","","1",""
"Timer","1.0","Unknown","Unknown",True,"Confirm Start Tasks","Confirm Start Tasks - Rejected","","不","","0",""
"Timer","1.0","Unknown","Unknown",True,"Confirm Start Tasks","Confirm Start Tasks - Rejected","","不用","","1",""
"Timer","1.0","Unknown","Unknown",True,"Confirm Start Tasks","Confirm Start Tasks - Rejected","","不必","","1",""
"Timer","1.0","Unknown","Unknown",True,"Confirm Start Tasks","Confirm Start Tasks - Rejected","","别","","1",""
"Timer","1.0","Unknown","Unknown",True,"Confirm Start Tasks","Confirm Start Tasks - Rejected","","不要","","1",""
"Timer","1.0","Unknown","Unknown",True,"Confirm Start Tasks","Confirm Start Tasks - Rejected","","取消","","1",""
"Timer","1.0","Unknown","Unknown",True,"Confirm Start Tasks","Confirm Start Tasks - Rejected","","关掉","","1",""
"Timer","1.0","Unknown","Unknown",True,"Confirm Start Tasks","Confirm Start Tasks - Rejected","","没关系","","1",""
"Timer","1.0","Unknown","Unknown",True,"Confirm Start Tasks","Confirm Start Tasks - Rejected","","拒绝","","1",""
"Timer","1.0","Unknown","Unknown",True,"Confirm Start Tasks","Confirm Start Tasks - New Time","","<timer_time>","","0",""
"Timer","1.0","Unknown","Unknown",True,"Confirm Start Tasks","Confirm Start Tasks - New Time","","时间 改 成 <timer_time>","","1",""
"Timer","1.0","Unknown","Unknown",True,"Confirm Start Tasks","Confirm Start Tasks - New Time","","时间 改 为 <timer_time>","","1",""
"Timer","1.0","Unknown","Unknown",True,"Confirm Start Tasks","Confirm Start Tasks - New Time","","时间 改 <timer_time>","","1",""
"Timer","1.0","Unknown","Unknown",True,"Confirm Start Tasks","Confirm Start Tasks - New Time","","时间 变 <timer_time>","","2",""
"Timer","1.0","Unknown","Unknown",True,"Confirm Start Tasks","Confirm Start Tasks - New Time","","时间 变 为 <timer_time>","","2",""
"Timer","1.0","Unknown","Unknown",True,"Confirm Start Tasks","Confirm Start Tasks - New Time","","时间 改 改 <timer_time>","","2",""
"Timer","1.0","Unknown","Unknown",True,"Confirm Start Tasks","Confirm Start Tasks - New Time","","时间 改变 为 <timer_time>","","2",""
"Timer","1.0","Unknown","Unknown",True,"Confirm Start Tasks","Confirm Start Tasks - New Time","","时间 变 变 成 <timer_time>","","2",""
"Timer","1.0","Unknown","Unknown",True,"Confirm Start Tasks","Confirm Start Tasks - New Time","","时间 改 改 为 <timer_time>","","2",""
"Timer","1.0","Unknown","Unknown",True,"Confirm Start Tasks","Confirm Start Tasks - New Time","","时间 变 变 为 <timer_time>","","2",""
"Timer","1.0","Unknown","Unknown",True,"Confirm Start Tasks","Confirm Start Tasks - New Time","","时间 变 一 变 <timer_time>","","2",""
"Timer","1.0","Unknown","Unknown",True,"Confirm Start Tasks","Confirm Start Tasks - New Time","","时间 变 一 变 为 <timer_time>","","2",""
"Timer","1.0","Unknown","Unknown",True,"Confirm Start Tasks","Confirm Start Tasks - New Time","","时间 改 一改 <timer_time>","","2",""
"Timer","1.0","Unknown","Unknown",True,"Confirm Start Tasks","Confirm Start Tasks - New Time","","时间 改 一改 为 <timer_time>","","2",""
"Timer","1.0","Unknown","Unknown",True,"Confirm Start Tasks","Confirm Start Tasks - New Time","","时间 变 成 <timer_time>","","2",""
"Timer","1.0","Unknown","Unknown",True,"Confirm Start Tasks","Confirm Start Tasks - New Time","","时间 改 改 成 <timer_time>","","2",""
"Timer","1.0","Unknown","Unknown",True,"Confirm Start Tasks","Confirm Start Tasks - New Time","","时间 改变 成 <timer_time>","","2",""
"Timer","1.0","Unknown","Unknown",True,"Confirm Start Tasks","Confirm Start Tasks - New Time","","时间 改 一改 成 <timer_time>","","2",""
"Timer","1.0","Unknown","Unknown",True,"Confirm Start Tasks","Confirm Start Tasks - New Time","","时间 变 变 <timer_time>","","2",""
"Timer","1.0","Unknown","Unknown",True,"Confirm Start Tasks","Confirm Start Tasks - New Time","","时间 变 一 变 成 <timer_time>","","2",""
"Timer","1.0","Unknown","Unknown",True,"Confirm Start Tasks","Confirm Start Tasks - New Time","","时间 改变 <timer_time>","","2",""
"Timer","1.0","Unknown","Unknown",True,"Timer FollowUp","Timer FollowUp - Create Timer Catch","","创建 个 定时","","0",""
"Timer","1.0","Unknown","Unknown",True,"Timer FollowUp","Timer FollowUp - Create Timer Catch","","创建 个 定时器","","0",""
"Timer","1.0","Unknown","Unknown",True,"Timer FollowUp","Timer FollowUp - Create Timer Catch","","创建 定时","","0",""
"Timer","1.0","Unknown","Unknown",True,"Timer FollowUp","Timer FollowUp - Create Timer Catch","","创建 定时器","","0",""
"Timer","1.0","Unknown","Unknown",True,"Timer FollowUp","Timer FollowUp - Create Timer Catch","","生成 定时","","1",""
"Timer","1.0","Unknown","Unknown",True,"Timer FollowUp","Timer FollowUp - Create Timer Catch","","增加 个 定时","","1",""
"Timer","1.0","Unknown","Unknown",True,"Timer FollowUp","Timer FollowUp - Create Timer Catch","","加 个 定时器","","1",""
"Timer","1.0","Unknown","Unknown",True,"Timer FollowUp","Timer FollowUp - Create Timer Catch","","增加 个 定时器","","1",""
"Timer","1.0","Unknown","Unknown",True,"Timer FollowUp","Timer FollowUp - Create Timer Catch","","加 个 定时","","1",""
"Timer","1.0","Unknown","Unknown",True,"Timer FollowUp","Timer FollowUp - Create Timer Catch","","生成 个 定时器","","1",""
"Timer","1.0","Unknown","Unknown",True,"Timer FollowUp","Timer FollowUp - Create Timer Catch","","定时","","1",""
"Timer","1.0","Unknown","Unknown",True,"Timer FollowUp","Timer FollowUp - Create Timer Catch","","增加 定时","","1",""
"Timer","1.0","Unknown","Unknown",True,"Timer FollowUp","Timer FollowUp - Create Timer Catch","","创建 个 计时器","","1",""
"Timer","1.0","Unknown","Unknown",True,"Timer FollowUp","Timer FollowUp - Create Timer Catch","","定 定时","","1",""
"Timer","1.0","Unknown","Unknown",True,"Timer FollowUp","Timer FollowUp - Create Timer Catch","","定 定时器","","1",""
"Timer","1.0","Unknown","Unknown",True,"Timer FollowUp","Timer FollowUp - Create Timer Catch","","创建 一个 定时","","1",""
"Timer","1.0","Unknown","Unknown",True,"Timer FollowUp","Timer FollowUp - Create Timer Catch","","设定 定时","","1",""
"Timer","1.0","Unknown","Unknown",True,"Timer FollowUp","Timer FollowUp - Create Timer Catch","","设定 定时器","","1",""
"Timer","1.0","Unknown","Unknown",True,"Timer FollowUp","Timer FollowUp - Create Timer Catch","","生成 个 定时","","1",""
"Timer","1.0","Unknown","Unknown",True,"Timer FollowUp","Timer FollowUp - Create Timer Catch","","加 定时器","","1",""
"Timer","1.0","Unknown","Unknown",True,"Timer FollowUp","Timer FollowUp - Create Timer Catch","","创建 个 秒表","","1",""
"Timer","1.0","Unknown","Unknown",True,"Timer FollowUp","Timer FollowUp - Create Timer Catch","","设定 个 定时","","1",""
"Timer","1.0","Unknown","Unknown",True,"Timer FollowUp","Timer FollowUp - Create Timer Catch","","设定 个 定时器","","1",""
"Timer","1.0","Unknown","Unknown",True,"Timer FollowUp","Timer FollowUp - Create Timer Catch","","创建 秒表","","1",""
"Timer","1.0","Unknown","Unknown",True,"Timer FollowUp","Timer FollowUp - Create Timer Catch","","创建 计时器","","1",""
"Timer","1.0","Unknown","Unknown",True,"Timer FollowUp","Timer FollowUp - Create Timer Catch","","增加 定时器","","1",""
"Timer","1.0","Unknown","Unknown",True,"Timer FollowUp","Timer FollowUp - Create Timer Catch","","定 个 定时","","1",""
"Timer","1.0","Unknown","Unknown",True,"Timer FollowUp","Timer FollowUp - Create Timer Catch","","定时器","","1",""
"Timer","1.0","Unknown","Unknown",True,"Timer FollowUp","Timer FollowUp - Create Timer Catch","","生成 定时器","","1",""
"Timer","1.0","Unknown","Unknown",True,"Timer FollowUp","Timer FollowUp - Create Timer Catch","","加 定时","","1",""
"Timer","1.0","Unknown","Unknown",True,"Timer FollowUp","Timer FollowUp - Create Timer Catch","","创建 计时","","1",""
"Timer","1.0","Unknown","Unknown",True,"Timer FollowUp","Timer FollowUp - Create Timer Catch","","创建 一个 定时器","","1",""
"Timer","1.0","Unknown","Unknown",True,"Timer FollowUp","Timer FollowUp - Create Timer Catch","","定 个 定时器","","1",""
"Timer","1.0","Unknown","Unknown",True,"Timer FollowUp","Timer FollowUp - Create Timer Catch","","创建 个 计时","","1",""
"Timer","1.0","Unknown","Unknown",True,"Timer FollowUp","Timer FollowUp - Create Timer Catch","","生成 个 秒表","","2",""
"Timer","1.0","Unknown","Unknown",True,"Timer FollowUp","Timer FollowUp - Create Timer Catch","","定 一个 定时器","","2",""
"Timer","1.0","Unknown","Unknown",True,"Timer FollowUp","Timer FollowUp - Create Timer Catch","","生成 计时","","2",""
"Timer","1.0","Unknown","Unknown",True,"Timer FollowUp","Timer FollowUp - Create Timer Catch","","计时","","2",""
"Timer","1.0","Unknown","Unknown",True,"Timer FollowUp","Timer FollowUp - Create Timer Catch","","增加 个 计时","","2",""
"Timer","1.0","Unknown","Unknown",True,"Timer FollowUp","Timer FollowUp - Create Timer Catch","","设定 个 计时","","2",""
"Timer","1.0","Unknown","Unknown",True,"Timer FollowUp","Timer FollowUp - Create Timer Catch","","增加 一个 定时","","2",""
"Timer","1.0","Unknown","Unknown",True,"Timer FollowUp","Timer FollowUp - Create Timer Catch","","定 秒表","","2",""
"Timer","1.0","Unknown","Unknown",True,"Timer FollowUp","Timer FollowUp - Create Timer Catch","","生成 个 计时","","2",""
"Timer","1.0","Unknown","Unknown",True,"Timer FollowUp","Timer FollowUp - Create Timer Catch","","定 计时","","2",""
"Timer","1.0","Unknown","Unknown",True,"Timer FollowUp","Timer FollowUp - Create Timer Catch","","创建 一个 计时","","2",""
"Timer","1.0","Unknown","Unknown",True,"Timer FollowUp","Timer FollowUp - Create Timer Catch","","计时器","","2",""
"Timer","1.0","Unknown","Unknown",True,"Timer FollowUp","Timer FollowUp - Create Timer Catch","","加 秒表","","2",""
"Timer","1.0","Unknown","Unknown",True,"Timer FollowUp","Timer FollowUp - Create Timer Catch","","设定 计时","","2",""
"Timer","1.0","Unknown","Unknown",True,"Timer FollowUp","Timer FollowUp - Create Timer Catch","","秒表","","2",""
"Timer","1.0","Unknown","Unknown",True,"Timer FollowUp","Timer FollowUp - Create Timer Catch","","加 一个 定时","","2",""
"Timer","1.0","Unknown","Unknown",True,"Timer FollowUp","Timer FollowUp - Create Timer Catch","","设定 秒表","","2",""
"Timer","1.0","Unknown","Unknown",True,"Timer FollowUp","Timer FollowUp - Create Timer Catch","","设定 计时器","","2",""
"Timer","1.0","Unknown","Unknown",True,"Timer FollowUp","Timer FollowUp - Create Timer Catch","","增加 计时器","","2",""
"Timer","1.0","Unknown","Unknown",True,"Timer FollowUp","Timer FollowUp - Create Timer Catch","","创建 一个 计时器","","2",""
"Timer","1.0","Unknown","Unknown",True,"Timer FollowUp","Timer FollowUp - Create Timer Catch","","生成 个 计时器","","2",""
"Timer","1.0","Unknown","Unknown",True,"Timer FollowUp","Timer FollowUp - Create Timer Catch","","加 计时","","2",""
"Timer","1.0","Unknown","Unknown",True,"Timer FollowUp","Timer FollowUp - Create Timer Catch","","增加 个 计时器","","2",""
"Timer","1.0","Unknown","Unknown",True,"Timer FollowUp","Timer FollowUp - Create Timer Catch","","生成 秒表","","2",""
"Timer","1.0","Unknown","Unknown",True,"Timer FollowUp","Timer FollowUp - Create Timer Catch","","增加 计时","","2",""
"Timer","1.0","Unknown","Unknown",True,"Timer FollowUp","Timer FollowUp - Create Timer Catch","","设定 一个 定时","","2",""
"Timer","1.0","Unknown","Unknown",True,"Timer FollowUp","Timer FollowUp - Create Timer Catch","","生成 一个 定时器","","2",""
"Timer","1.0","Unknown","Unknown",True,"Timer FollowUp","Timer FollowUp - Create Timer Catch","","设定 个 计时器","","2",""
"Timer","1.0","Unknown","Unknown",True,"Timer FollowUp","Timer FollowUp - Create Timer Catch","","定 个 计时器","","2",""
"Timer","1.0","Unknown","Unknown",True,"Timer FollowUp","Timer FollowUp - Create Timer Catch","","加 一个 定时器","","2",""
"Timer","1.0","Unknown","Unknown",True,"Timer FollowUp","Timer FollowUp - Create Timer Catch","","定 计时器","","2",""
"Timer","1.0","Unknown","Unknown",True,"Timer FollowUp","Timer FollowUp - Create Timer Catch","","增加 个 秒表","","2",""
"Timer","1.0","Unknown","Unknown",True,"Timer FollowUp","Timer FollowUp - Create Timer Catch","","定 一个 定时","","2",""
"Timer","1.0","Unknown","Unknown",True,"Timer FollowUp","Timer FollowUp - Create Timer Catch","","增加 一个 定时器","","2",""
"Timer","1.0","Unknown","Unknown",True,"Timer FollowUp","Timer FollowUp - Create Timer Catch","","定 个 计时","","2",""
"Timer","1.0","Unknown","Unknown",True,"Timer FollowUp","Timer FollowUp - Create Timer Catch","","设定 一个 定时器","","2",""
"Timer","1.0","Unknown","Unknown",True,"Timer FollowUp","Timer FollowUp - Create Timer Catch","","创建 一个 秒表","","2",""
"Timer","1.0","Unknown","Unknown",True,"Timer FollowUp","Timer FollowUp - Create Timer Catch","","生成 一个 定时","","2",""
"Timer","1.0","Unknown","Unknown",True,"Timer FollowUp","Timer FollowUp - Create Timer Catch","","加 个 计时","","2",""
"Timer","1.0","Unknown","Unknown",True,"Timer FollowUp","Timer FollowUp - Create Timer Catch","","定 个 秒表","","2",""
"Timer","1.0","Unknown","Unknown",True,"Timer FollowUp","Timer FollowUp - Create Timer Catch","","加 计时器","","2",""
"Timer","1.0","Unknown","Unknown",True,"Timer FollowUp","Timer FollowUp - Create Timer Catch","","生成 计时器","","2",""
"Timer","1.0","Unknown","Unknown",True,"Timer FollowUp","Timer FollowUp - Create Timer Catch","","设定 个 秒表","","2",""
"Timer","1.0","Unknown","Unknown",True,"Timer FollowUp","Timer FollowUp - Create Timer Catch","","加 个 秒表","","2",""
"Timer","1.0","Unknown","Unknown",True,"Timer FollowUp","Timer FollowUp - Create Timer Catch","","加 个 计时器","","2",""
"Timer","1.0","Unknown","Unknown",True,"Timer FollowUp","Timer FollowUp - Create Timer Catch","","增加 秒表","","2",""
"Timer","1.0","Unknown","Unknown",True,"Timer FollowUp","Timer FollowUp - Create Timer with Time","","创建 <timer_time> 的 定时器","","0",""
"Timer","1.0","Unknown","Unknown",True,"Timer FollowUp","Timer FollowUp - Create Timer with Time","","创建 <timer_time> 定时器","","0",""
"Timer","1.0","Unknown","Unknown",True,"Timer FollowUp","Timer FollowUp - Create Timer with Time","","创建 个 <timer_time> 定时器","","0",""
"Timer","1.0","Unknown","Unknown",True,"Timer FollowUp","Timer FollowUp - Create Timer with Time","","创建 个 <timer_time> 的 定时器","","0",""
"Timer","1.0","Unknown","Unknown",True,"Timer FollowUp","Timer FollowUp - Create Timer with Time","","创建 <timer_time> 秒表","","1",""
"Timer","1.0","Unknown","Unknown",True,"Timer FollowUp","Timer FollowUp - Create Timer with Time","","创建 <timer_time> 的 秒表","","1",""
"Timer","1.0","Unknown","Unknown",True,"Timer FollowUp","Timer FollowUp - Create Timer with Time","","设定 <timer_time> 定时器","","1",""
"Timer","1.0","Unknown","Unknown",True,"Timer FollowUp","Timer FollowUp - Create Timer with Time","","<timer_time> 定时器","","1",""
"Timer","1.0","Unknown","Unknown",True,"Timer FollowUp","Timer FollowUp - Create Timer with Time","","生成 个 <timer_time> 定时器","","1",""
"Timer","1.0","Unknown","Unknown",True,"Timer FollowUp","Timer FollowUp - Create Timer with Time","","定 个 <timer_time> 的 定时器","","1",""
"Timer","1.0","Unknown","Unknown",True,"Timer FollowUp","Timer FollowUp - Create Timer with Time","","创建 <timer_time> 计时器","","1",""
"Timer","1.0","Unknown","Unknown",True,"Timer FollowUp","Timer FollowUp - Create Timer with Time","","加 <timer_time> 定时器","","1",""
"Timer","1.0","Unknown","Unknown",True,"Timer FollowUp","Timer FollowUp - Create Timer with Time","","生成 个 <timer_time> 的 定时器","","1",""
"Timer","1.0","Unknown","Unknown",True,"Timer FollowUp","Timer FollowUp - Create Timer with Time","","生成 <timer_time> 的 定时器","","1",""
"Timer","1.0","Unknown","Unknown",True,"Timer FollowUp","Timer FollowUp - Create Timer with Time","","增加 个 <timer_time> 定时器","","1",""
"Timer","1.0","Unknown","Unknown",True,"Timer FollowUp","Timer FollowUp - Create Timer with Time","","增加 <timer_time> 的 定时器","","1",""
"Timer","1.0","Unknown","Unknown",True,"Timer FollowUp","Timer FollowUp - Create Timer with Time","","设定 个 <timer_time> 的 定时器","","1",""
"Timer","1.0","Unknown","Unknown",True,"Timer FollowUp","Timer FollowUp - Create Timer with Time","","定时 <timer_time>","","1",""
"Timer","1.0","Unknown","Unknown",True,"Timer FollowUp","Timer FollowUp - Create Timer with Time","","定时器 <timer_time>","","1",""
"Timer","1.0","Unknown","Unknown",True,"Timer FollowUp","Timer FollowUp - Create Timer with Time","","<timer_time> 定时","","1",""
"Timer","1.0","Unknown","Unknown",True,"Timer FollowUp","Timer FollowUp - Create Timer with Time","","创建 一个 <timer_time> 定时器","","1",""
"Timer","1.0","Unknown","Unknown",True,"Timer FollowUp","Timer FollowUp - Create Timer with Time","","生成 <timer_time> 定时器","","1",""
"Timer","1.0","Unknown","Unknown",True,"Timer FollowUp","Timer FollowUp - Create Timer with Time","","创建 个 <timer_time> 的 计时器","","1",""
"Timer","1.0","Unknown","Unknown",True,"Timer FollowUp","Timer FollowUp - Create Timer with Time","","定 <timer_time> 的 定时器","","1",""
"Timer","1.0","Unknown","Unknown",True,"Timer FollowUp","Timer FollowUp - Create Timer with Time","","加 <timer_time> 的 定时器","","1",""
"Timer","1.0","Unknown","Unknown",True,"Timer FollowUp","Timer FollowUp - Create Timer with Time","","增加 个 <timer_time> 的 定时器","","1",""
"Timer","1.0","Unknown","Unknown",True,"Timer FollowUp","Timer FollowUp - Create Timer with Time","","加 个 <timer_time> 的 定时器","","1",""
"Timer","1.0","Unknown","Unknown",True,"Timer FollowUp","Timer FollowUp - Create Timer with Time","","创建 一个 <timer_time> 的 定时器","","1",""
"Timer","1.0","Unknown","Unknown",True,"Timer FollowUp","Timer FollowUp - Create Timer with Time","","<timer_time> 的 定时器","","1",""
"Timer","1.0","Unknown","Unknown",True,"Timer FollowUp","Timer FollowUp - Create Timer with Time","","加 个 <timer_time> 定时器","","1",""
"Timer","1.0","Unknown","Unknown",True,"Timer FollowUp","Timer FollowUp - Create Timer with Time","","创建 个 <timer_time> 秒表","","1",""
"Timer","1.0","Unknown","Unknown",True,"Timer FollowUp","Timer FollowUp - Create Timer with Time","","创建 个 <timer_time> 的 秒表","","1",""
"Timer","1.0","Unknown","Unknown",True,"Timer FollowUp","Timer FollowUp - Create Timer with Time","","增加 <timer_time> 定时器","","1",""
"Timer","1.0","Unknown","Unknown",True,"Timer FollowUp","Timer FollowUp - Create Timer with Time","","定 <timer_time> 定时器","","1",""
"Timer","1.0","Unknown","Unknown",True,"Timer FollowUp","Timer FollowUp - Create Timer with Time","","创建 个 <timer_time> 计时器","","1",""
"Timer","1.0","Unknown","Unknown",True,"Timer FollowUp","Timer FollowUp - Create Timer with Time","","定 个 <timer_time> 定时器","","1",""
"Timer","1.0","Unknown","Unknown",True,"Timer FollowUp","Timer FollowUp - Create Timer with Time","","设定 个 <timer_time> 定时器","","1",""
"Timer","1.0","Unknown","Unknown",True,"Timer FollowUp","Timer FollowUp - Create Timer with Time","","设定 <timer_time> 的 定时器","","1",""
"Timer","1.0","Unknown","Unknown",True,"Timer FollowUp","Timer FollowUp - Create Timer with Time","","创建 <timer_time> 的 计时器","","1",""
"Timer","1.0","Unknown","Unknown",True,"Timer FollowUp","Timer FollowUp - Create Timer with Time","","加 个 <timer_time> 计时器","","2",""
"Timer","1.0","Unknown","Unknown",True,"Timer FollowUp","Timer FollowUp - Create Timer with Time","","设定 <timer_time> 秒表","","2",""
"Timer","1.0","Unknown","Unknown",True,"Timer FollowUp","Timer FollowUp - Create Timer with Time","","生成 一个 <timer_time> 的 定时器","","2",""
"Timer","1.0","Unknown","Unknown",True,"Timer FollowUp","Timer FollowUp - Create Timer with Time","","加 <timer_time> 的 秒表","","2",""
"Timer","1.0","Unknown","Unknown",True,"Timer FollowUp","Timer FollowUp - Create Timer with Time","","<timer_time> 计时器","","2",""
"Timer","1.0","Unknown","Unknown",True,"Timer FollowUp","Timer FollowUp - Create Timer with Time","","定 一个 <timer_time> 的 定时器","","2",""
"Timer","1.0","Unknown","Unknown",True,"Timer FollowUp","Timer FollowUp - Create Timer with Time","","定 <timer_time> 秒表","","2",""
"Timer","1.0","Unknown","Unknown",True,"Timer FollowUp","Timer FollowUp - Create Timer with Time","","创建 一个 <timer_time> 秒表","","2",""
"Timer","1.0","Unknown","Unknown",True,"Timer FollowUp","Timer FollowUp - Create Timer with Time","","定 一个 <timer_time> 定时器","","2",""
"Timer","1.0","Unknown","Unknown",True,"Timer FollowUp","Timer FollowUp - Create Timer with Time","","生成 <timer_time> 计时器","","2",""
"Timer","1.0","Unknown","Unknown",True,"Timer FollowUp","Timer FollowUp - Create Timer with Time","","设定 个 <timer_time> 计时器","","2",""
"Timer","1.0","Unknown","Unknown",True,"Timer FollowUp","Timer FollowUp - Create Timer with Time","","<timer_time> 的 计时器","","2",""
"Timer","1.0","Unknown","Unknown",True,"Timer FollowUp","Timer FollowUp - Create Timer with Time","","设定 <timer_time> 的 秒表","","2",""
"Timer","1.0","Unknown","Unknown",True,"Timer FollowUp","Timer FollowUp - Create Timer with Time","","加 个 <timer_time> 的 计时器","","2",""
"Timer","1.0","Unknown","Unknown",True,"Timer FollowUp","Timer FollowUp - Create Timer with Time","","创建 一个 <timer_time> 的 秒表","","2",""
"Timer","1.0","Unknown","Unknown",True,"Timer FollowUp","Timer FollowUp - Create Timer with Time","","定 个 <timer_time> 计时器","","2",""
"Timer","1.0","Unknown","Unknown",True,"Timer FollowUp","Timer FollowUp - Create Timer with Time","","增加 <timer_time> 的 计时器","","2",""
"Timer","1.0","Unknown","Unknown",True,"Timer FollowUp","Timer FollowUp - Create Timer with Time","","生成 <timer_time> 的 秒表","","2",""
"Timer","1.0","Unknown","Unknown",True,"Timer FollowUp","Timer FollowUp - Create Timer with Time","","设定 一个 <timer_time> 的 定时器","","2",""
"Timer","1.0","Unknown","Unknown",True,"Timer FollowUp","Timer FollowUp - Create Timer with Time","","设定 <timer_time> 的 计时器","","2",""
"Timer","1.0","Unknown","Unknown",True,"Timer FollowUp","Timer FollowUp - Create Timer with Time","","定 <timer_time> 的 计时器","","2",""
"Timer","1.0","Unknown","Unknown",True,"Timer FollowUp","Timer FollowUp - Create Timer with Time","","设定 个 <timer_time> 的 计时器","","2",""
"Timer","1.0","Unknown","Unknown",True,"Timer FollowUp","Timer FollowUp - Create Timer with Time","","定 个 <timer_time> 的 秒表","","2",""
"Timer","1.0","Unknown","Unknown",True,"Timer FollowUp","Timer FollowUp - Create Timer with Time","","增加 个 <timer_time> 的 计时器","","2",""
"Timer","1.0","Unknown","Unknown",True,"Timer FollowUp","Timer FollowUp - Create Timer with Time","","生成 个 <timer_time> 秒表","","2",""
"Timer","1.0","Unknown","Unknown",True,"Timer FollowUp","Timer FollowUp - Create Timer with Time","","<timer_time> 计时","","2",""
"Timer","1.0","Unknown","Unknown",True,"Timer FollowUp","Timer FollowUp - Create Timer with Time","","加 一个 <timer_time> 的 定时器","","2",""
"Timer","1.0","Unknown","Unknown",True,"Timer FollowUp","Timer FollowUp - Create Timer with Time","","定 个 <timer_time> 秒表","","2",""
"Timer","1.0","Unknown","Unknown",True,"Timer FollowUp","Timer FollowUp - Create Timer with Time","","增加 <timer_time> 秒表","","2",""
"Timer","1.0","Unknown","Unknown",True,"Timer FollowUp","Timer FollowUp - Create Timer with Time","","加 个 <timer_time> 的 秒表","","2",""
"Timer","1.0","Unknown","Unknown",True,"Timer FollowUp","Timer FollowUp - Create Timer with Time","","增加 一个 <timer_time> 定时器","","2",""
"Timer","1.0","Unknown","Unknown",True,"Timer FollowUp","Timer FollowUp - Create Timer with Time","","生成 个 <timer_time> 的 计时器","","2",""
"Timer","1.0","Unknown","Unknown",True,"Timer FollowUp","Timer FollowUp - Create Timer with Time","","加 <timer_time> 的 计时器","","2",""
"Timer","1.0","Unknown","Unknown",True,"Timer FollowUp","Timer FollowUp - Create Timer with Time","","定 <timer_time> 的 秒表","","2",""
"Timer","1.0","Unknown","Unknown",True,"Timer FollowUp","Timer FollowUp - Create Timer with Time","","创建 一个 <timer_time> 计时器","","2",""
"Timer","1.0","Unknown","Unknown",True,"Timer FollowUp","Timer FollowUp - Create Timer with Time","","增加 个 <timer_time> 计时器","","2",""
"Timer","1.0","Unknown","Unknown",True,"Timer FollowUp","Timer FollowUp - Create Timer with Time","","生成 <timer_time> 的 计时器","","2",""
"Timer","1.0","Unknown","Unknown",True,"Timer FollowUp","Timer FollowUp - Create Timer with Time","","增加 <timer_time> 的 秒表","","2",""
"Timer","1.0","Unknown","Unknown",True,"Timer FollowUp","Timer FollowUp - Create Timer with Time","","生成 个 <timer_time> 计时器","","2",""
"Timer","1.0","Unknown","Unknown",True,"Timer FollowUp","Timer FollowUp - Create Timer with Time","","增加 个 <timer_time> 秒表","","2",""
"Timer","1.0","Unknown","Unknown",True,"Timer FollowUp","Timer FollowUp - Create Timer with Time","","设定 个 <timer_time> 秒表","","2",""
"Timer","1.0","Unknown","Unknown",True,"Timer FollowUp","Timer FollowUp - Create Timer with Time","","设定 <timer_time> 计时器","","2",""
"Timer","1.0","Unknown","Unknown",True,"Timer FollowUp","Timer FollowUp - Create Timer with Time","","设定 个 <timer_time> 的 秒表","","2",""
"Timer","1.0","Unknown","Unknown",True,"Timer FollowUp","Timer FollowUp - Create Timer with Time","","定 个 <timer_time> 的 计时器","","2",""
"Timer","1.0","Unknown","Unknown",True,"Timer FollowUp","Timer FollowUp - Create Timer with Time","","增加 个 <timer_time> 的 秒表","","2",""
"Timer","1.0","Unknown","Unknown",True,"Timer FollowUp","Timer FollowUp - Create Timer with Time","","计时器 <timer_time>","","2",""
"Timer","1.0","Unknown","Unknown",True,"Timer FollowUp","Timer FollowUp - Create Timer with Time","","加 <timer_time> 秒表","","2",""
"Timer","1.0","Unknown","Unknown",True,"Timer FollowUp","Timer FollowUp - Create Timer with Time","","<timer_time> 的 秒表","","2",""
"Timer","1.0","Unknown","Unknown",True,"Timer FollowUp","Timer FollowUp - Create Timer with Time","","生成 一个 <timer_time> 定时器","","2",""
"Timer","1.0","Unknown","Unknown",True,"Timer FollowUp","Timer FollowUp - Create Timer with Time","","秒表 <timer_time>","","2",""
"Timer","1.0","Unknown","Unknown",True,"Timer FollowUp","Timer FollowUp - Create Timer with Time","","加 个 <timer_time> 秒表","","2",""
"Timer","1.0","Unknown","Unknown",True,"Timer FollowUp","Timer FollowUp - Create Timer with Time","","增加 <timer_time> 计时器","","2",""
"Timer","1.0","Unknown","Unknown",True,"Timer FollowUp","Timer FollowUp - Create Timer with Time","","设定 一个 <timer_time> 定时器","","2",""
"Timer","1.0","Unknown","Unknown",True,"Timer FollowUp","Timer FollowUp - Create Timer with Time","","定 <timer_time> 计时器","","2",""
"Timer","1.0","Unknown","Unknown",True,"Timer FollowUp","Timer FollowUp - Create Timer with Time","","<timer_time> 秒表","","2",""
"Timer","1.0","Unknown","Unknown",True,"Timer FollowUp","Timer FollowUp - Create Timer with Time","","创建 一个 <timer_time> 的 计时器","","2",""
"Timer","1.0","Unknown","Unknown",True,"Timer FollowUp","Timer FollowUp - Create Timer with Time","","加 一个 <timer_time> 定时器","","2",""
"Timer","1.0","Unknown","Unknown",True,"Timer FollowUp","Timer FollowUp - Create Timer with Time","","生成 个 <timer_time> 的 秒表","","2",""
"Timer","1.0","Unknown","Unknown",True,"Timer FollowUp","Timer FollowUp - Create Timer with Time","","计时 <timer_time>","","2",""
"Timer","1.0","Unknown","Unknown",True,"Timer FollowUp","Timer FollowUp - Create Timer with Time","","加 <timer_time> 计时器","","2",""
"Timer","1.0","Unknown","Unknown",True,"Timer FollowUp","Timer FollowUp - Create Timer with Time","","生成 <timer_time> 秒表","","2",""
"Timer","1.0","Unknown","Unknown",True,"Timer FollowUp","Timer FollowUp - Create Timer with Time","","增加 一个 <timer_time> 的 定时器","","2",""
"Timer","1.0","Unknown","Unknown",True,"Timer FollowUp","Timer FollowUp - Start Timer","","开始 定时器","","0",""
"Timer","1.0","Unknown","Unknown",True,"Timer FollowUp","Timer FollowUp - Start Timer","","开始 定时","","0",""
"Timer","1.0","Unknown","Unknown",True,"Timer FollowUp","Timer FollowUp - Start Timer","","开动 定时器","","1",""
"Timer","1.0","Unknown","Unknown",True,"Timer FollowUp","Timer FollowUp - Start Timer","","开始 计时器","","1",""
"Timer","1.0","Unknown","Unknown",True,"Timer FollowUp","Timer FollowUp - Start Timer","","开启 定时","","1",""
"Timer","1.0","Unknown","Unknown",True,"Timer FollowUp","Timer FollowUp - Start Timer","","开启 定时器","","1",""
"Timer","1.0","Unknown","Unknown",True,"Timer FollowUp","Timer FollowUp - Start Timer","","开动 定时","","1",""
"Timer","1.0","Unknown","Unknown",True,"Timer FollowUp","Timer FollowUp - Start Timer","","定时 开始","","1",""
"Timer","1.0","Unknown","Unknown",True,"Timer FollowUp","Timer FollowUp - Start Timer","","定时器 开始","","1",""
"Timer","1.0","Unknown","Unknown",True,"Timer FollowUp","Timer FollowUp - Start Timer","","开始 秒表","","1",""
"Timer","1.0","Unknown","Unknown",True,"Timer FollowUp","Timer FollowUp - Start Timer","","开始 计时","","1",""
"Timer","1.0","Unknown","Unknown",True,"Timer FollowUp","Timer FollowUp - Start Timer","","定时器 开动","","2",""
"Timer","1.0","Unknown","Unknown",True,"Timer FollowUp","Timer FollowUp - Start Timer","","计时器 开始","","2",""
"Timer","1.0","Unknown","Unknown",True,"Timer FollowUp","Timer FollowUp - Start Timer","","开启 计时器","","2",""
"Timer","1.0","Unknown","Unknown",True,"Timer FollowUp","Timer FollowUp - Start Timer","","开动 秒表","","2",""
"Timer","1.0","Unknown","Unknown",True,"Timer FollowUp","Timer FollowUp - Start Timer","","定时 开启","","2",""
"Timer","1.0","Unknown","Unknown",True,"Timer FollowUp","Timer FollowUp - Start Timer","","开启 计时","","2",""
"Timer","1.0","Unknown","Unknown",True,"Timer FollowUp","Timer FollowUp - Start Timer","","定时器 开启","","2",""
"Timer","1.0","Unknown","Unknown",True,"Timer FollowUp","Timer FollowUp - Start Timer","","秒表 开始","","2",""
"Timer","1.0","Unknown","Unknown",True,"Timer FollowUp","Timer FollowUp - Start Timer","","开动 计时","","2",""
"Timer","1.0","Unknown","Unknown",True,"Timer FollowUp","Timer FollowUp - Start Timer","","计时 开始","","2",""
"Timer","1.0","Unknown","Unknown",True,"Timer FollowUp","Timer FollowUp - Start Timer","","开启 秒表","","2",""
"Timer","1.0","Unknown","Unknown",True,"Timer FollowUp","Timer FollowUp - Start Timer","","定时 开动","","2",""
"Timer","1.0","Unknown","Unknown",True,"Timer FollowUp","Timer FollowUp - Start Timer","","开动 计时器","","2",""
"Timer","1.0","Unknown","Unknown",True,"Timer FollowUp","Timer FollowUp - Start Timer with Time","","开始 <timer_time> 的 定时","","0",""
"Timer","1.0","Unknown","Unknown",True,"Timer FollowUp","Timer FollowUp - Start Timer with Time","","开始 <timer_time> 定时","","0",""
"Timer","1.0","Unknown","Unknown",True,"Timer FollowUp","Timer FollowUp - Start Timer with Time","","开始 <timer_time> 的 定时器","","0",""
"Timer","1.0","Unknown","Unknown",True,"Timer FollowUp","Timer FollowUp - Start Timer with Time","","开始 <timer_time> 定时器","","0",""
"Timer","1.0","Unknown","Unknown",True,"Timer FollowUp","Timer FollowUp - Start Timer with Time","","开始 定时器 <timer_time>","","1",""
"Timer","1.0","Unknown","Unknown",True,"Timer FollowUp","Timer FollowUp - Start Timer with Time","","开始 <timer_time> 计时器","","1",""
"Timer","1.0","Unknown","Unknown",True,"Timer FollowUp","Timer FollowUp - Start Timer with Time","","开始 <timer_time> 计时","","1",""
"Timer","1.0","Unknown","Unknown",True,"Timer FollowUp","Timer FollowUp - Start Timer with Time","","开始 <timer_time> 秒表","","1",""
"Timer","1.0","Unknown","Unknown",True,"Timer FollowUp","Timer FollowUp - Start Timer with Time","","开启 <timer_time> 定时器","","1",""
"Timer","1.0","Unknown","Unknown",True,"Timer FollowUp","Timer FollowUp - Start Timer with Time","","开动 <timer_time> 定时","","1",""
"Timer","1.0","Unknown","Unknown",True,"Timer FollowUp","Timer FollowUp - Start Timer with Time","","开动 <timer_time> 的 定时","","1",""
"Timer","1.0","Unknown","Unknown",True,"Timer FollowUp","Timer FollowUp - Start Timer with Time","","开动 <timer_time> 定时器","","1",""
"Timer","1.0","Unknown","Unknown",True,"Timer FollowUp","Timer FollowUp - Start Timer with Time","","定时器 开始 <timer_time>","","1",""
"Timer","1.0","Unknown","Unknown",True,"Timer FollowUp","Timer FollowUp - Start Timer with Time","","开动 <timer_time> 的 定时器","","1",""
"Timer","1.0","Unknown","Unknown",True,"Timer FollowUp","Timer FollowUp - Start Timer with Time","","开启 <timer_time> 的 定时器","","1",""
"Timer","1.0","Unknown","Unknown",True,"Timer FollowUp","Timer FollowUp - Start Timer with Time","","开始 定时 <timer_time>","","1",""
"Timer","1.0","Unknown","Unknown",True,"Timer FollowUp","Timer FollowUp - Start Timer with Time","","开启 <timer_time> 定时","","1",""
"Timer","1.0","Unknown","Unknown",True,"Timer FollowUp","Timer FollowUp - Start Timer with Time","","开始 <timer_time> 的 秒表","","1",""
"Timer","1.0","Unknown","Unknown",True,"Timer FollowUp","Timer FollowUp - Start Timer with Time","","开始 <timer_time> 的 计时器","","1",""
"Timer","1.0","Unknown","Unknown",True,"Timer FollowUp","Timer FollowUp - Start Timer with Time","","开启 <timer_time> 的 定时","","1",""
"Timer","1.0","Unknown","Unknown",True,"Timer FollowUp","Timer FollowUp - Start Timer with Time","","开始 <timer_time> 的 计时","","1",""
"Timer","1.0","Unknown","Unknown",True,"Timer FollowUp","Timer FollowUp - Start Timer with Time","","定时 开始 <timer_time>","","1",""
"Timer","1.0","Unknown","Unknown",True,"Timer FollowUp","Timer FollowUp - Start Timer with Time","","定时 开动 <timer_time>","","2",""
"Timer","1.0","Unknown","Unknown",True,"Timer FollowUp","Timer FollowUp - Start Timer with Time","","开启 <timer_time> 的 计时器","","2",""
"Timer","1.0","Unknown","Unknown",True,"Timer FollowUp","Timer FollowUp - Start Timer with Time","","定时器 开动 <timer_time>","","2",""
"Timer","1.0","Unknown","Unknown",True,"Timer FollowUp","Timer FollowUp - Start Timer with Time","","定时器 开启 <timer_time>","","2",""
"Timer","1.0","Unknown","Unknown",True,"Timer FollowUp","Timer FollowUp - Start Timer with Time","","开动 <timer_time> 的 计时器","","2",""
"Timer","1.0","Unknown","Unknown",True,"Timer FollowUp","Timer FollowUp - Start Timer with Time","","计时器 开始 <timer_time>","","2",""
"Timer","1.0","Unknown","Unknown",True,"Timer FollowUp","Timer FollowUp - Start Timer with Time","","开动 定时 <timer_time>","","2",""
"Timer","1.0","Unknown","Unknown",True,"Timer FollowUp","Timer FollowUp - Start Timer with Time","","开始 计时器 <timer_time>","","2",""
"Timer","1.0","Unknown","Unknown",True,"Timer FollowUp","Timer FollowUp - Start Timer with Time","","开启 定时器 <timer_time>","","2",""
"Timer","1.0","Unknown","Unknown",True,"Timer FollowUp","Timer FollowUp - Start Timer with Time","","开动 <timer_time> 计时","","2",""
"Timer","1.0","Unknown","Unknown",True,"Timer FollowUp","Timer FollowUp - Start Timer with Time","","开动 定时器 <timer_time>","","2",""
"Timer","1.0","Unknown","Unknown",True,"Timer FollowUp","Timer FollowUp - Start Timer with Time","","开启 <timer_time> 计时","","2",""
"Timer","1.0","Unknown","Unknown",True,"Timer FollowUp","Timer FollowUp - Start Timer with Time","","开动 <timer_time> 秒表","","2",""
"Timer","1.0","Unknown","Unknown",True,"Timer FollowUp","Timer FollowUp - Start Timer with Time","","开启 <timer_time> 的 秒表","","2",""
"Timer","1.0","Unknown","Unknown",True,"Timer FollowUp","Timer FollowUp - Start Timer with Time","","开启 定时 <timer_time>","","2",""
"Timer","1.0","Unknown","Unknown",True,"Timer FollowUp","Timer FollowUp - Start Timer with Time","","开启 <timer_time> 的 计时","","2",""
"Timer","1.0","Unknown","Unknown",True,"Timer FollowUp","Timer FollowUp - Start Timer with Time","","开始 秒表 <timer_time>","","2",""
"Timer","1.0","Unknown","Unknown",True,"Timer FollowUp","Timer FollowUp - Start Timer with Time","","计时 开始 <timer_time>","","2",""
"Timer","1.0","Unknown","Unknown",True,"Timer FollowUp","Timer FollowUp - Start Timer with Time","","开动 <timer_time> 的 秒表","","2",""
"Timer","1.0","Unknown","Unknown",True,"Timer FollowUp","Timer FollowUp - Start Timer with Time","","开动 <timer_time> 的 计时","","2",""
"Timer","1.0","Unknown","Unknown",True,"Timer FollowUp","Timer FollowUp - Start Timer with Time","","开始 计时 <timer_time>","","2",""
"Timer","1.0","Unknown","Unknown",True,"Timer FollowUp","Timer FollowUp - Start Timer with Time","","秒表 开始 <timer_time>","","2",""
"Timer","1.0","Unknown","Unknown",True,"Timer FollowUp","Timer FollowUp - Start Timer with Time","","开动 <timer_time> 计时器","","2",""
"Timer","1.0","Unknown","Unknown",True,"Timer FollowUp","Timer FollowUp - Start Timer with Time","","开启 <timer_time> 秒表","","2",""
"Timer","1.0","Unknown","Unknown",True,"Timer FollowUp","Timer FollowUp - Start Timer with Time","","开启 <timer_time> 计时器","","2",""
"Timer","1.0","Unknown","Unknown",True,"Timer FollowUp","Timer FollowUp - Start Timer with Time","","定时 开启 <timer_time>","","2",""
"Timer","1.0","Unknown","Unknown",True,"Timer FollowUp","Timer FollowUp - Reset a Timer","","重 置 定时","","0",""
"Timer","1.0","Unknown","Unknown",True,"Timer FollowUp","Timer FollowUp - Reset a Timer","","重 置 定时器","","0",""
"Timer","1.0","Unknown","Unknown",True,"Timer FollowUp","Timer FollowUp - Reset a Timer","","重设 定时器","","1",""
"Timer","1.0","Unknown","Unknown",True,"Timer FollowUp","Timer FollowUp - Reset a Timer","","重 置 计时","","1",""
"Timer","1.0","Unknown","Unknown",True,"Timer FollowUp","Timer FollowUp - Reset a Timer","","重 置 秒表","","1",""
"Timer","1.0","Unknown","Unknown",True,"Timer FollowUp","Timer FollowUp - Reset a Timer","","定时 重 置","","1",""
"Timer","1.0","Unknown","Unknown",True,"Timer FollowUp","Timer FollowUp - Reset a Timer","","定时器 重 置","","1",""
"Timer","1.0","Unknown","Unknown",True,"Timer FollowUp","Timer FollowUp - Reset a Timer","","重设 定时","","1",""
"Timer","1.0","Unknown","Unknown",True,"Timer FollowUp","Timer FollowUp - Reset a Timer","","重 置 计时器","","1",""
"Timer","1.0","Unknown","Unknown",True,"Timer FollowUp","Timer FollowUp - Reset a Timer","","重设 计时","","2",""
"Timer","1.0","Unknown","Unknown",True,"Timer FollowUp","Timer FollowUp - Reset a Timer","","重设 秒表","","2",""
"Timer","1.0","Unknown","Unknown",True,"Timer FollowUp","Timer FollowUp - Reset a Timer","","定时器 重设","","2",""
"Timer","1.0","Unknown","Unknown",True,"Timer FollowUp","Timer FollowUp - Reset a Timer","","计时 重 置","","2",""
"Timer","1.0","Unknown","Unknown",True,"Timer FollowUp","Timer FollowUp - Reset a Timer","","计时器 重 置","","2",""
"Timer","1.0","Unknown","Unknown",True,"Timer FollowUp","Timer FollowUp - Reset a Timer","","秒表 重 置","","2",""
"Timer","1.0","Unknown","Unknown",True,"Timer FollowUp","Timer FollowUp - Reset a Timer","","重设 计时器","","2",""
"Timer","1.0","Unknown","Unknown",True,"Timer FollowUp","Timer FollowUp - Reset a Timer","","定时 重设","","2",""
"Timer","1.0","Unknown","Unknown",True,"Timer FollowUp","Timer FollowUp - Stop a Timer","","停止 定时器","","0",""
"Timer","1.0","Unknown","Unknown",True,"Timer FollowUp","Timer FollowUp - Stop a Timer","","停止 定时","","0",""
"Timer","1.0","Unknown","Unknown",True,"Timer FollowUp","Timer FollowUp - Stop a Timer","","定时器 停止","","1",""
"Timer","1.0","Unknown","Unknown",True,"Timer FollowUp","Timer FollowUp - Stop a Timer","","停 定时器","","1",""
"Timer","1.0","Unknown","Unknown",True,"Timer FollowUp","Timer FollowUp - Stop a Timer","","定时 停止","","1",""
"Timer","1.0","Unknown","Unknown",True,"Timer FollowUp","Timer FollowUp - Stop a Timer","","停止 计时","","1",""
"Timer","1.0","Unknown","Unknown",True,"Timer FollowUp","Timer FollowUp - Stop a Timer","","停 定时","","1",""
"Timer","1.0","Unknown","Unknown",True,"Timer FollowUp","Timer FollowUp - Stop a Timer","","停止 秒表","","1",""
"Timer","1.0","Unknown","Unknown",True,"Timer FollowUp","Timer FollowUp - Stop a Timer","","停止 计时器","","1",""
"Timer","1.0","Unknown","Unknown",True,"Timer FollowUp","Timer FollowUp - Stop a Timer","","停 秒表","","2",""
"Timer","1.0","Unknown","Unknown",True,"Timer FollowUp","Timer FollowUp - Stop a Timer","","定时器 停","","2",""
"Timer","1.0","Unknown","Unknown",True,"Timer FollowUp","Timer FollowUp - Stop a Timer","","秒表 停止","","2",""
"Timer","1.0","Unknown","Unknown",True,"Timer FollowUp","Timer FollowUp - Stop a Timer","","停 计时器","","2",""
"Timer","1.0","Unknown","Unknown",True,"Timer FollowUp","Timer FollowUp - Stop a Timer","","计时 停止","","2",""
"Timer","1.0","Unknown","Unknown",True,"Timer FollowUp","Timer FollowUp - Stop a Timer","","停 计时","","2",""
"Timer","1.0","Unknown","Unknown",True,"Timer FollowUp","Timer FollowUp - Stop a Timer","","定时 停","","2",""
"Timer","1.0","Unknown","Unknown",True,"Timer FollowUp","Timer FollowUp - Stop a Timer","","计时器 停止","","2",""
"Timer","1.0","Unknown","Unknown",True,"Timer FollowUp","Timer FollowUp - Cancel Timer","","取消 定时器","","0",""
"Timer","1.0","Unknown","Unknown",True,"Timer FollowUp","Timer FollowUp - Cancel Timer","","取消","","0",""
"Timer","1.0","Unknown","Unknown",True,"Timer FollowUp","Timer FollowUp - Cancel Timer","","退出 定时器","","1",""
"Timer","1.0","Unknown","Unknown",True,"Timer FollowUp","Timer FollowUp - Cancel Timer","","取消 计时器","","1",""
"Timer","1.0","Unknown","Unknown",True,"Timer FollowUp","Timer FollowUp - Cancel Timer","","取消 秒表","","1",""
"Timer","1.0","Unknown","Unknown",True,"Timer FollowUp","Timer FollowUp - Cancel Timer","","关 定时器","","1",""
"Timer","1.0","Unknown","Unknown",True,"Timer FollowUp","Timer FollowUp - Cancel Timer","","关闭","","1",""
"Timer","1.0","Unknown","Unknown",True,"Timer FollowUp","Timer FollowUp - Cancel Timer","","去除 定时器","","1",""
"Timer","1.0","Unknown","Unknown",True,"Timer FollowUp","Timer FollowUp - Cancel Timer","","关","","1",""
"Timer","1.0","Unknown","Unknown",True,"Timer FollowUp","Timer FollowUp - Cancel Timer","","退出","","1",""
"Timer","1.0","Unknown","Unknown",True,"Timer FollowUp","Timer FollowUp - Cancel Timer","","关闭 定时器","","1",""
"Timer","1.0","Unknown","Unknown",True,"Timer FollowUp","Timer FollowUp - Cancel Timer","","去除","","1",""
"Timer","1.0","Unknown","Unknown",True,"Timer FollowUp","Timer FollowUp - Cancel Timer","","关闭 秒表","","2",""
"Timer","1.0","Unknown","Unknown",True,"Timer FollowUp","Timer FollowUp - Cancel Timer","","关 秒表","","2",""
"Timer","1.0","Unknown","Unknown",True,"Timer FollowUp","Timer FollowUp - Cancel Timer","","去除 计时器","","2",""
"Timer","1.0","Unknown","Unknown",True,"Timer FollowUp","Timer FollowUp - Cancel Timer","","退出 计时器","","2",""
"Timer","1.0","Unknown","Unknown",True,"Timer FollowUp","Timer FollowUp - Cancel Timer","","去除 秒表","","2",""
"Timer","1.0","Unknown","Unknown",True,"Timer FollowUp","Timer FollowUp - Cancel Timer","","退出 秒表","","2",""
"Timer","1.0","Unknown","Unknown",True,"Timer FollowUp","Timer FollowUp - Cancel Timer","","关 计时器","","2",""
"Timer","1.0","Unknown","Unknown",True,"Timer FollowUp","Timer FollowUp - Cancel Timer","","关闭 计时器","","2",""
"Timer","1.0","Unknown","Unknown",True,"Timer","Create Timer Catch","","创建 个 定时","","0",""
"Timer","1.0","Unknown","Unknown",True,"Timer","Create Timer Catch","","创建 定时器","","0",""
"Timer","1.0","Unknown","Unknown",True,"Timer","Create Timer Catch","","创建 定时","","0",""
"Timer","1.0","Unknown","Unknown",True,"Timer","Create Timer Catch","","创建 个 定时器","","0",""
"Timer","1.0","Unknown","Unknown",True,"Timer","Create Timer Catch","","加 个 定时","","1",""
"Timer","1.0","Unknown","Unknown",True,"Timer","Create Timer Catch","","生成 个 定时器","","1",""
"Timer","1.0","Unknown","Unknown",True,"Timer","Create Timer Catch","","定 定时器","","1",""
"Timer","1.0","Unknown","Unknown",True,"Timer","Create Timer Catch","","定时器","","1",""
"Timer","1.0","Unknown","Unknown",True,"Timer","Create Timer Catch","","创建 计时器","","1",""
"Timer","1.0","Unknown","Unknown",True,"Timer","Create Timer Catch","","创建 个 计时","","1",""
"Timer","1.0","Unknown","Unknown",True,"Timer","Create Timer Catch","","创建 计时","","1",""
"Timer","1.0","Unknown","Unknown",True,"Timer","Create Timer Catch","","定 个 定时器","","1",""
"Timer","1.0","Unknown","Unknown",True,"Timer","Create Timer Catch","","创建 一个 定时器","","1",""
"Timer","1.0","Unknown","Unknown",True,"Timer","Create Timer Catch","","增加 定时器","","1",""
"Timer","1.0","Unknown","Unknown",True,"Timer","Create Timer Catch","","设定 定时","","1",""
"Timer","1.0","Unknown","Unknown",True,"Timer","Create Timer Catch","","加 定时器","","1",""
"Timer","1.0","Unknown","Unknown",True,"Timer","Create Timer Catch","","设定 个 定时器","","1",""
"Timer","1.0","Unknown","Unknown",True,"Timer","Create Timer Catch","","创建 一个 定时","","1",""
"Timer","1.0","Unknown","Unknown",True,"Timer","Create Timer Catch","","生成 个 定时","","1",""
"Timer","1.0","Unknown","Unknown",True,"Timer","Create Timer Catch","","生成 定时","","1",""
"Timer","1.0","Unknown","Unknown",True,"Timer","Create Timer Catch","","增加 个 定时器","","1",""
"Timer","1.0","Unknown","Unknown",True,"Timer","Create Timer Catch","","创建 个 计时器","","1",""
"Timer","1.0","Unknown","Unknown",True,"Timer","Create Timer Catch","","设定 定时器","","1",""
"Timer","1.0","Unknown","Unknown",True,"Timer","Create Timer Catch","","创建 秒表","","1",""
"Timer","1.0","Unknown","Unknown",True,"Timer","Create Timer Catch","","加 定时","","1",""
"Timer","1.0","Unknown","Unknown",True,"Timer","Create Timer Catch","","生成 定时器","","1",""
"Timer","1.0","Unknown","Unknown",True,"Timer","Create Timer Catch","","定时","","1",""
"Timer","1.0","Unknown","Unknown",True,"Timer","Create Timer Catch","","定 定时","","1",""
"Timer","1.0","Unknown","Unknown",True,"Timer","Create Timer Catch","","定 个 定时","","1",""
"Timer","1.0","Unknown","Unknown",True,"Timer","Create Timer Catch","","增加 个 定时","","1",""
"Timer","1.0","Unknown","Unknown",True,"Timer","Create Timer Catch","","设定 个 定时","","1",""
"Timer","1.0","Unknown","Unknown",True,"Timer","Create Timer Catch","","创建 个 秒表","","1",""
"Timer","1.0","Unknown","Unknown",True,"Timer","Create Timer Catch","","加 个 定时器","","1",""
"Timer","1.0","Unknown","Unknown",True,"Timer","Create Timer Catch","","增加 定时","","1",""
"Timer","1.0","Unknown","Unknown",True,"Timer","Create Timer Catch","","定 计时","","2",""
"Timer","1.0","Unknown","Unknown",True,"Timer","Create Timer Catch","","生成 个 计时","","2",""
"Timer","1.0","Unknown","Unknown",True,"Timer","Create Timer Catch","","增加 计时器","","2",""
"Timer","1.0","Unknown","Unknown",True,"Timer","Create Timer Catch","","定 一个 定时器","","2",""
"Timer","1.0","Unknown","Unknown",True,"Timer","Create Timer Catch","","增加 一个 定时器","","2",""
"Timer","1.0","Unknown","Unknown",True,"Timer","Create Timer Catch","","定 一个 定时","","2",""
"Timer","1.0","Unknown","Unknown",True,"Timer","Create Timer Catch","","生成 个 秒表","","2",""
"Timer","1.0","Unknown","Unknown",True,"Timer","Create Timer Catch","","创建 一个 计时器","","2",""
"Timer","1.0","Unknown","Unknown",True,"Timer","Create Timer Catch","","加 个 秒表","","2",""
"Timer","1.0","Unknown","Unknown",True,"Timer","Create Timer Catch","","加 一个 定时器","","2",""
"Timer","1.0","Unknown","Unknown",True,"Timer","Create Timer Catch","","定 个 计时器","","2",""
"Timer","1.0","Unknown","Unknown",True,"Timer","Create Timer Catch","","生成 计时器","","2",""
"Timer","1.0","Unknown","Unknown",True,"Timer","Create Timer Catch","","生成 一个 定时","","2",""
"Timer","1.0","Unknown","Unknown",True,"Timer","Create Timer Catch","","增加 个 计时器","","2",""
"Timer","1.0","Unknown","Unknown",True,"Timer","Create Timer Catch","","生成 秒表","","2",""
"Timer","1.0","Unknown","Unknown",True,"Timer","Create Timer Catch","","增加 个 计时","","2",""
"Timer","1.0","Unknown","Unknown",True,"Timer","Create Timer Catch","","秒表","","2",""
"Timer","1.0","Unknown","Unknown",True,"Timer","Create Timer Catch","","定 个 计时","","2",""
"Timer","1.0","Unknown","Unknown",True,"Timer","Create Timer Catch","","设定 个 计时器","","2",""
"Timer","1.0","Unknown","Unknown",True,"Timer","Create Timer Catch","","加 个 计时器","","2",""
"Timer","1.0","Unknown","Unknown",True,"Timer","Create Timer Catch","","生成 计时","","2",""
"Timer","1.0","Unknown","Unknown",True,"Timer","Create Timer Catch","","定 秒表","","2",""
"Timer","1.0","Unknown","Unknown",True,"Timer","Create Timer Catch","","设定 秒表","","2",""
"Timer","1.0","Unknown","Unknown",True,"Timer","Create Timer Catch","","生成 一个 定时器","","2",""
"Timer","1.0","Unknown","Unknown",True,"Timer","Create Timer Catch","","增加 计时","","2",""
"Timer","1.0","Unknown","Unknown",True,"Timer","Create Timer Catch","","生成 个 计时器","","2",""
"Timer","1.0","Unknown","Unknown",True,"Timer","Create Timer Catch","","设定 一个 定时","","2",""
"Timer","1.0","Unknown","Unknown",True,"Timer","Create Timer Catch","","创建 一个 计时","","2",""
"Timer","1.0","Unknown","Unknown",True,"Timer","Create Timer Catch","","设定 计时","","2",""
"Timer","1.0","Unknown","Unknown",True,"Timer","Create Timer Catch","","设定 一个 定时器","","2",""
"Timer","1.0","Unknown","Unknown",True,"Timer","Create Timer Catch","","设定 个 秒表","","2",""
"Timer","1.0","Unknown","Unknown",True,"Timer","Create Timer Catch","","加 秒表","","2",""
"Timer","1.0","Unknown","Unknown",True,"Timer","Create Timer Catch","","加 一个 定时","","2",""
"Timer","1.0","Unknown","Unknown",True,"Timer","Create Timer Catch","","设定 计时器","","2",""
"Timer","1.0","Unknown","Unknown",True,"Timer","Create Timer Catch","","计时器","","2",""
"Timer","1.0","Unknown","Unknown",True,"Timer","Create Timer Catch","","增加 个 秒表","","2",""
"Timer","1.0","Unknown","Unknown",True,"Timer","Create Timer Catch","","计时","","2",""
"Timer","1.0","Unknown","Unknown",True,"Timer","Create Timer Catch","","设定 个 计时","","2",""
"Timer","1.0","Unknown","Unknown",True,"Timer","Create Timer Catch","","定 计时器","","2",""
"Timer","1.0","Unknown","Unknown",True,"Timer","Create Timer Catch","","增加 秒表","","2",""
"Timer","1.0","Unknown","Unknown",True,"Timer","Create Timer Catch","","加 计时","","2",""
"Timer","1.0","Unknown","Unknown",True,"Timer","Create Timer Catch","","加 个 计时","","2",""
"Timer","1.0","Unknown","Unknown",True,"Timer","Create Timer Catch","","加 计时器","","2",""
"Timer","1.0","Unknown","Unknown",True,"Timer","Create Timer Catch","","增加 一个 定时","","2",""
"Timer","1.0","Unknown","Unknown",True,"Timer","Create Timer Catch","","定 个 秒表","","2",""
"Timer","1.0","Unknown","Unknown",True,"Timer","Create Timer Catch","","创建 一个 秒表","","2",""
"Timer","1.0","Unknown","Unknown",True,"Timer","Create Timer with Time","","创建 个 <timer_time> 定时器","","0",""
"Timer","1.0","Unknown","Unknown",True,"Timer","Create Timer with Time","","创建 <timer_time> 定时器","","0",""
"Timer","1.0","Unknown","Unknown",True,"Timer","Create Timer with Time","","创建 个 <timer_time> 的 定时器","","0",""
"Timer","1.0","Unknown","Unknown",True,"Timer","Create Timer with Time","","创建 <timer_time> 的 定时器","","0",""
"Timer","1.0","Unknown","Unknown",True,"Timer","Create Timer with Time","","创建 个 <timer_time> 的 秒表","","1",""
"Timer","1.0","Unknown","Unknown",True,"Timer","Create Timer with Time","","增加 <timer_time> 的 定时器","","1",""
"Timer","1.0","Unknown","Unknown",True,"Timer","Create Timer with Time","","增加 个 <timer_time> 的 定时器","","1",""
"Timer","1.0","Unknown","Unknown",True,"Timer","Create Timer with Time","","创建 一个 <timer_time> 定时器","","1",""
"Timer","1.0","Unknown","Unknown",True,"Timer","Create Timer with Time","","创建 <timer_time> 计时器","","1",""
"Timer","1.0","Unknown","Unknown",True,"Timer","Create Timer with Time","","生成 个 <timer_time> 的 定时器","","1",""
"Timer","1.0","Unknown","Unknown",True,"Timer","Create Timer with Time","","创建 <timer_time> 的 计时器","","1",""
"Timer","1.0","Unknown","Unknown",True,"Timer","Create Timer with Time","","创建 个 <timer_time> 计时器","","1",""
"Timer","1.0","Unknown","Unknown",True,"Timer","Create Timer with Time","","创建 一个 <timer_time> 的 定时器","","1",""
"Timer","1.0","Unknown","Unknown",True,"Timer","Create Timer with Time","","增加 个 <timer_time> 定时器","","1",""
"Timer","1.0","Unknown","Unknown",True,"Timer","Create Timer with Time","","定 <timer_time> 的 定时器","","1",""
"Timer","1.0","Unknown","Unknown",True,"Timer","Create Timer with Time","","定 <timer_time> 定时器","","1",""
"Timer","1.0","Unknown","Unknown",True,"Timer","Create Timer with Time","","设定 <timer_time> 定时器","","1",""
"Timer","1.0","Unknown","Unknown",True,"Timer","Create Timer with Time","","加 个 <timer_time> 定时器","","1",""
"Timer","1.0","Unknown","Unknown",True,"Timer","Create Timer with Time","","设定 个 <timer_time> 定时器","","1",""
"Timer","1.0","Unknown","Unknown",True,"Timer","Create Timer with Time","","创建 <timer_time> 秒表","","1",""
"Timer","1.0","Unknown","Unknown",True,"Timer","Create Timer with Time","","定 个 <timer_time> 定时器","","1",""
"Timer","1.0","Unknown","Unknown",True,"Timer","Create Timer with Time","","加 <timer_time> 的 定时器","","1",""
"Timer","1.0","Unknown","Unknown",True,"Timer","Create Timer with Time","","生成 个 <timer_time> 定时器","","1",""
"Timer","1.0","Unknown","Unknown",True,"Timer","Create Timer with Time","","生成 <timer_time> 定时器","","1",""
"Timer","1.0","Unknown","Unknown",True,"Timer","Create Timer with Time","","生成 <timer_time> 的 定时器","","1",""
"Timer","1.0","Unknown","Unknown",True,"Timer","Create Timer with Time","","设定 <timer_time> 的 定时器","","1",""
"Timer","1.0","Unknown","Unknown",True,"Timer","Create Timer with Time","","创建 <timer_time> 的 秒表","","1",""
"Timer","1.0","Unknown","Unknown",True,"Timer","Create Timer with Time","","设定 个 <timer_time> 的 定时器","","1",""
"Timer","1.0","Unknown","Unknown",True,"Timer","Create Timer with Time","","创建 个 <timer_time> 的 计时器","","1",""
"Timer","1.0","Unknown","Unknown",True,"Timer","Create Timer with Time","","<timer_time> 定时","","1",""
"Timer","1.0","Unknown","Unknown",True,"Timer","Create Timer with Time","","定时 <timer_time>","","1",""
"Timer","1.0","Unknown","Unknown",True,"Timer","Create Timer with Time","","加 <timer_time> 定时器","","1",""
"Timer","1.0","Unknown","Unknown",True,"Timer","Create Timer with Time","","增加 <timer_time> 定时器","","1",""
"Timer","1.0","Unknown","Unknown",True,"Timer","Create Timer with Time","","<timer_time> 定时器","","1",""
"Timer","1.0","Unknown","Unknown",True,"Timer","Create Timer with Time","","定时器 <timer_time>","","1",""
"Timer","1.0","Unknown","Unknown",True,"Timer","Create Timer with Time","","创建 个 <timer_time> 秒表","","1",""
"Timer","1.0","Unknown","Unknown",True,"Timer","Create Timer with Time","","<timer_time> 的 定时器","","1",""
"Timer","1.0","Unknown","Unknown",True,"Timer","Create Timer with Time","","定 个 <timer_time> 的 定时器","","1",""
"Timer","1.0","Unknown","Unknown",True,"Timer","Create Timer with Time","","加 个 <timer_time> 的 定时器","","1",""
"Timer","1.0","Unknown","Unknown",True,"Timer","Create Timer with Time","","生成 个 <timer_time> 的 秒表","","2",""
"Timer","1.0","Unknown","Unknown",True,"Timer","Create Timer with Time","","<timer_time> 秒表","","2",""
"Timer","1.0","Unknown","Unknown",True,"Timer","Create Timer with Time","","设定 个 <timer_time> 计时器","","2",""
"Timer","1.0","Unknown","Unknown",True,"Timer","Create Timer with Time","","设定 一个 <timer_time> 定时器","","2",""
"Timer","1.0","Unknown","Unknown",True,"Timer","Create Timer with Time","","<timer_time> 的 计时器","","2",""
"Timer","1.0","Unknown","Unknown",True,"Timer","Create Timer with Time","","<timer_time> 的 秒表","","2",""
"Timer","1.0","Unknown","Unknown",True,"Timer","Create Timer with Time","","增加 个 <timer_time> 计时器","","2",""
"Timer","1.0","Unknown","Unknown",True,"Timer","Create Timer with Time","","加 <timer_time> 的 计时器","","2",""
"Timer","1.0","Unknown","Unknown",True,"Timer","Create Timer with Time","","生成 <timer_time> 的 秒表","","2",""
"Timer","1.0","Unknown","Unknown",True,"Timer","Create Timer with Time","","创建 一个 <timer_time> 的 计时器","","2",""
"Timer","1.0","Unknown","Unknown",True,"Timer","Create Timer with Time","","定 <timer_time> 的 秒表","","2",""
"Timer","1.0","Unknown","Unknown",True,"Timer","Create Timer with Time","","增加 <timer_time> 的 秒表","","2",""
"Timer","1.0","Unknown","Unknown",True,"Timer","Create Timer with Time","","增加 <timer_time> 秒表","","2",""
"Timer","1.0","Unknown","Unknown",True,"Timer","Create Timer with Time","","加 个 <timer_time> 计时器","","2",""
"Timer","1.0","Unknown","Unknown",True,"Timer","Create Timer with Time","","加 一个 <timer_time> 定时器","","2",""
"Timer","1.0","Unknown","Unknown",True,"Timer","Create Timer with Time","","定 个 <timer_time> 秒表","","2",""
"Timer","1.0","Unknown","Unknown",True,"Timer","Create Timer with Time","","定 一个 <timer_time> 的 定时器","","2",""
"Timer","1.0","Unknown","Unknown",True,"Timer","Create Timer with Time","","增加 个 <timer_time> 的 计时器","","2",""
"Timer","1.0","Unknown","Unknown",True,"Timer","Create Timer with Time","","加 <timer_time> 的 秒表","","2",""
"Timer","1.0","Unknown","Unknown",True,"Timer","Create Timer with Time","","定 个 <timer_time> 的 秒表","","2",""
"Timer","1.0","Unknown","Unknown",True,"Timer","Create Timer with Time","","计时器 <timer_time>","","2",""
"Timer","1.0","Unknown","Unknown",True,"Timer","Create Timer with Time","","<timer_time> 计时器","","2",""
"Timer","1.0","Unknown","Unknown",True,"Timer","Create Timer with Time","","定 个 <timer_time> 计时器","","2",""
"Timer","1.0","Unknown","Unknown",True,"Timer","Create Timer with Time","","加 个 <timer_time> 秒表","","2",""
"Timer","1.0","Unknown","Unknown",True,"Timer","Create Timer with Time","","定 <timer_time> 计时器","","2",""
"Timer","1.0","Unknown","Unknown",True,"Timer","Create Timer with Time","","设定 <timer_time> 的 秒表","","2",""
"Timer","1.0","Unknown","Unknown",True,"Timer","Create Timer with Time","","增加 一个 <timer_time> 定时器","","2",""
"Timer","1.0","Unknown","Unknown",True,"Timer","Create Timer with Time","","<timer_time> 计时","","2",""
"Timer","1.0","Unknown","Unknown",True,"Timer","Create Timer with Time","","生成 一个 <timer_time> 的 定时器","","2",""
"Timer","1.0","Unknown","Unknown",True,"Timer","Create Timer with Time","","生成 <timer_time> 计时器","","2",""
"Timer","1.0","Unknown","Unknown",True,"Timer","Create Timer with Time","","生成 <timer_time> 的 计时器","","2",""
"Timer","1.0","Unknown","Unknown",True,"Timer","Create Timer with Time","","设定 个 <timer_time> 的 秒表","","2",""
"Timer","1.0","Unknown","Unknown",True,"Timer","Create Timer with Time","","创建 一个 <timer_time> 的 秒表","","2",""
"Timer","1.0","Unknown","Unknown",True,"Timer","Create Timer with Time","","设定 <timer_time> 秒表","","2",""
"Timer","1.0","Unknown","Unknown",True,"Timer","Create Timer with Time","","定 个 <timer_time> 的 计时器","","2",""
"Timer","1.0","Unknown","Unknown",True,"Timer","Create Timer with Time","","生成 个 <timer_time> 秒表","","2",""
"Timer","1.0","Unknown","Unknown",True,"Timer","Create Timer with Time","","加 个 <timer_time> 的 计时器","","2",""
"Timer","1.0","Unknown","Unknown",True,"Timer","Create Timer with Time","","增加 个 <timer_time> 的 秒表","","2",""
"Timer","1.0","Unknown","Unknown",True,"Timer","Create Timer with Time","","增加 <timer_time> 的 计时器","","2",""
"Timer","1.0","Unknown","Unknown",True,"Timer","Create Timer with Time","","计时 <timer_time>","","2",""
"Timer","1.0","Unknown","Unknown",True,"Timer","Create Timer with Time","","设定 <timer_time> 计时器","","2",""
"Timer","1.0","Unknown","Unknown",True,"Timer","Create Timer with Time","","秒表 <timer_time>","","2",""
"Timer","1.0","Unknown","Unknown",True,"Timer","Create Timer with Time","","加 一个 <timer_time> 的 定时器","","2",""
"Timer","1.0","Unknown","Unknown",True,"Timer","Create Timer with Time","","创建 一个 <timer_time> 计时器","","2",""
"Timer","1.0","Unknown","Unknown",True,"Timer","Create Timer with Time","","设定 个 <timer_time> 秒表","","2",""
"Timer","1.0","Unknown","Unknown",True,"Timer","Create Timer with Time","","加 个 <timer_time> 的 秒表","","2",""
"Timer","1.0","Unknown","Unknown",True,"Timer","Create Timer with Time","","生成 <timer_time> 秒表","","2",""
"Timer","1.0","Unknown","Unknown",True,"Timer","Create Timer with Time","","生成 一个 <timer_time> 定时器","","2",""
"Timer","1.0","Unknown","Unknown",True,"Timer","Create Timer with Time","","增加 个 <timer_time> 秒表","","2",""
"Timer","1.0","Unknown","Unknown",True,"Timer","Create Timer with Time","","设定 一个 <timer_time> 的 定时器","","2",""
"Timer","1.0","Unknown","Unknown",True,"Timer","Create Timer with Time","","设定 个 <timer_time> 的 计时器","","2",""
"Timer","1.0","Unknown","Unknown",True,"Timer","Create Timer with Time","","增加 <timer_time> 计时器","","2",""
"Timer","1.0","Unknown","Unknown",True,"Timer","Create Timer with Time","","生成 个 <timer_time> 计时器","","2",""
"Timer","1.0","Unknown","Unknown",True,"Timer","Create Timer with Time","","增加 一个 <timer_time> 的 定时器","","2",""
"Timer","1.0","Unknown","Unknown",True,"Timer","Create Timer with Time","","加 <timer_time> 计时器","","2",""
"Timer","1.0","Unknown","Unknown",True,"Timer","Create Timer with Time","","定 一个 <timer_time> 定时器","","2",""
"Timer","1.0","Unknown","Unknown",True,"Timer","Create Timer with Time","","加 <timer_time> 秒表","","2",""
"Timer","1.0","Unknown","Unknown",True,"Timer","Create Timer with Time","","定 <timer_time> 秒表","","2",""
"Timer","1.0","Unknown","Unknown",True,"Timer","Create Timer with Time","","设定 <timer_time> 的 计时器","","2",""
"Timer","1.0","Unknown","Unknown",True,"Timer","Create Timer with Time","","创建 一个 <timer_time> 秒表","","2",""
"Timer","1.0","Unknown","Unknown",True,"Timer","Create Timer with Time","","生成 个 <timer_time> 的 计时器","","2",""
"Timer","1.0","Unknown","Unknown",True,"Timer","Create Timer with Time","","定 <timer_time> 的 计时器","","2",""
"Timer","1.0","Unknown","Unknown",True,"Timer","Start Timer","","开始 定时","","0",""
"Timer","1.0","Unknown","Unknown",True,"Timer","Start Timer","","开始 定时器","","0",""
"Timer","1.0","Unknown","Unknown",True,"Timer","Start Timer","","开动 定时","","1",""
"Timer","1.0","Unknown","Unknown",True,"Timer","Start Timer","","开始 计时","","1",""
"Timer","1.0","Unknown","Unknown",True,"Timer","Start Timer","","开动 定时器","","1",""
"Timer","1.0","Unknown","Unknown",True,"Timer","Start Timer","","定时器 开始","","1",""
"Timer","1.0","Unknown","Unknown",True,"Timer","Start Timer","","开始 计时器","","1",""
"Timer","1.0","Unknown","Unknown",True,"Timer","Start Timer","","开始 秒表","","1",""
"Timer","1.0","Unknown","Unknown",True,"Timer","Start Timer","","开启 定时","","1",""
"Timer","1.0","Unknown","Unknown",True,"Timer","Start Timer","","定时 开始","","1",""
"Timer","1.0","Unknown","Unknown",True,"Timer","Start Timer","","开启 定时器","","1",""
"Timer","1.0","Unknown","Unknown",True,"Timer","Start Timer","","计时 开始","","2",""
"Timer","1.0","Unknown","Unknown",True,"Timer","Start Timer","","秒表 开始","","2",""
"Timer","1.0","Unknown","Unknown",True,"Timer","Start Timer","","定时器 开启","","2",""
"Timer","1.0","Unknown","Unknown",True,"Timer","Start Timer","","定时器 开动","","2",""
"Timer","1.0","Unknown","Unknown",True,"Timer","Start Timer","","定时 开动","","2",""
"Timer","1.0","Unknown","Unknown",True,"Timer","Start Timer","","定时 开启","","2",""
"Timer","1.0","Unknown","Unknown",True,"Timer","Start Timer","","开动 计时","","2",""
"Timer","1.0","Unknown","Unknown",True,"Timer","Start Timer","","计时器 开始","","2",""
"Timer","1.0","Unknown","Unknown",True,"Timer","Start Timer","","开动 秒表","","2",""
"Timer","1.0","Unknown","Unknown",True,"Timer","Start Timer","","开启 计时器","","2",""
"Timer","1.0","Unknown","Unknown",True,"Timer","Start Timer","","开启 计时","","2",""
"Timer","1.0","Unknown","Unknown",True,"Timer","Start Timer","","开动 计时器","","2",""
"Timer","1.0","Unknown","Unknown",True,"Timer","Start Timer","","开启 秒表","","2",""
"Timer","1.0","Unknown","Unknown",True,"Timer","Start Timer with Time","","开始 <timer_time> 的 定时器","","0",""
"Timer","1.0","Unknown","Unknown",True,"Timer","Start Timer with Time","","开始 <timer_time> 的 定时","","0",""
"Timer","1.0","Unknown","Unknown",True,"Timer","Start Timer with Time","","开始 <timer_time> 定时","","0",""
"Timer","1.0","Unknown","Unknown",True,"Timer","Start Timer with Time","","开始 <timer_time> 定时器","","0",""
"Timer","1.0","Unknown","Unknown",True,"Timer","Start Timer with Time","","开动 <timer_time> 定时","","1",""
"Timer","1.0","Unknown","Unknown",True,"Timer","Start Timer with Time","","开动 <timer_time> 的 定时","","1",""
"Timer","1.0","Unknown","Unknown",True,"Timer","Start Timer with Time","","开始 <timer_time> 秒表","","1",""
"Timer","1.0","Unknown","Unknown",True,"Timer","Start Timer with Time","","开始 <timer_time> 的 计时器","","1",""
"Timer","1.0","Unknown","Unknown",True,"Timer","Start Timer with Time","","定时 开始 <timer_time>","","1",""
"Timer","1.0","Unknown","Unknown",True,"Timer","Start Timer with Time","","开启 <timer_time> 定时器","","1",""
"Timer","1.0","Unknown","Unknown",True,"Timer","Start Timer with Time","","开启 <timer_time> 的 定时器","","1",""
"Timer","1.0","Unknown","Unknown",True,"Timer","Start Timer with Time","","开始 <timer_time> 计时","","1",""
"Timer","1.0","Unknown","Unknown",True,"Timer","Start Timer with Time","","开始 <timer_time> 计时器","","1",""
"Timer","1.0","Unknown","Unknown",True,"Timer","Start Timer with Time","","开动 <timer_time> 定时器","","1",""
"Timer","1.0","Unknown","Unknown",True,"Timer","Start Timer with Time","","开启 <timer_time> 的 定时","","1",""
"Timer","1.0","Unknown","Unknown",True,"Timer","Start Timer with Time","","开始 定时 <timer_time>","","1",""
"Timer","1.0","Unknown","Unknown",True,"Timer","Start Timer with Time","","开启 <timer_time> 定时","","1",""
"Timer","1.0","Unknown","Unknown",True,"Timer","Start Timer with Time","","开始 定时器 <timer_time>","","1",""
"Timer","1.0","Unknown","Unknown",True,"Timer","Start Timer with Time","","定时器 开始 <timer_time>","","1",""
"Timer","1.0","Unknown","Unknown",True,"Timer","Start Timer with Time","","开始 <timer_time> 的 秒表","","1",""
"Timer","1.0","Unknown","Unknown",True,"Timer","Start Timer with Time","","开动 <timer_time> 的 定时器","","1",""
"Timer","1.0","Unknown","Unknown",True,"Timer","Start Timer with Time","","开始 <timer_time> 的 计时","","1",""
"Timer","1.0","Unknown","Unknown",True,"Timer","Start Timer with Time","","定时 开动 <timer_time>","","2",""
"Timer","1.0","Unknown","Unknown",True,"Timer","Start Timer with Time","","计时 开始 <timer_time>","","2",""
"Timer","1.0","Unknown","Unknown",True,"Timer","Start Timer with Time","","开动 <timer_time> 的 计时","","2",""
"Timer","1.0","Unknown","Unknown",True,"Timer","Start Timer with Time","","开动 定时 <timer_time>","","2",""
"Timer","1.0","Unknown","Unknown",True,"Timer","Start Timer with Time","","开动 <timer_time> 计时器","","2",""
"Timer","1.0","Unknown","Unknown",True,"Timer","Start Timer with Time","","秒表 开始 <timer_time>","","2",""
"Timer","1.0","Unknown","Unknown",True,"Timer","Start Timer with Time","","开动 <timer_time> 的 计时器","","2",""
"Timer","1.0","Unknown","Unknown",True,"Timer","Start Timer with Time","","开启 <timer_time> 的 计时器","","2",""
"Timer","1.0","Unknown","Unknown",True,"Timer","Start Timer with Time","","计时器 开始 <timer_time>","","2",""
"Timer","1.0","Unknown","Unknown",True,"Timer","Start Timer with Time","","开始 计时 <timer_time>","","2",""
"Timer","1.0","Unknown","Unknown",True,"Timer","Start Timer with Time","","定时器 开启 <timer_time>","","2",""
"Timer","1.0","Unknown","Unknown",True,"Timer","Start Timer with Time","","开动 <timer_time> 秒表","","2",""
"Timer","1.0","Unknown","Unknown",True,"Timer","Start Timer with Time","","开动 <timer_time> 的 秒表","","2",""
"Timer","1.0","Unknown","Unknown",True,"Timer","Start Timer with Time","","开启 <timer_time> 计时","","2",""
"Timer","1.0","Unknown","Unknown",True,"Timer","Start Timer with Time","","开始 秒表 <timer_time>","","2",""
"Timer","1.0","Unknown","Unknown",True,"Timer","Start Timer with Time","","定时器 开动 <timer_time>","","2",""
"Timer","1.0","Unknown","Unknown",True,"Timer","Start Timer with Time","","开动 <timer_time> 计时","","2",""
"Timer","1.0","Unknown","Unknown",True,"Timer","Start Timer with Time","","开启 定时器 <timer_time>","","2",""
"Timer","1.0","Unknown","Unknown",True,"Timer","Start Timer with Time","","开启 <timer_time> 计时器","","2",""
"Timer","1.0","Unknown","Unknown",True,"Timer","Start Timer with Time","","开启 <timer_time> 的 计时","","2",""
"Timer","1.0","Unknown","Unknown",True,"Timer","Start Timer with Time","","定时 开启 <timer_time>","","2",""
"Timer","1.0","Unknown","Unknown",True,"Timer","Start Timer with Time","","开启 <timer_time> 的 秒表","","2",""
"Timer","1.0","Unknown","Unknown",True,"Timer","Start Timer with Time","","开动 定时器 <timer_time>","","2",""
"Timer","1.0","Unknown","Unknown",True,"Timer","Start Timer with Time","","开始 计时器 <timer_time>","","2",""
"Timer","1.0","Unknown","Unknown",True,"Timer","Start Timer with Time","","开启 定时 <timer_time>","","2",""
"Timer","1.0","Unknown","Unknown",True,"Timer","Start Timer with Time","","开启 <timer_time> 秒表","","2",""
"Timer","1.0","Unknown","Unknown",True,"Timer","Reset a Timer","","重 置 定时器","","0",""
"Timer","1.0","Unknown","Unknown",True,"Timer","Reset a Timer","","重 置 定时","","0",""
"Timer","1.0","Unknown","Unknown",True,"Timer","Reset a Timer","","定时器 重 置","","1",""
"Timer","1.0","Unknown","Unknown",True,"Timer","Reset a Timer","","重 置 计时","","1",""
"Timer","1.0","Unknown","Unknown",True,"Timer","Reset a Timer","","重 置 秒表","","1",""
"Timer","1.0","Unknown","Unknown",True,"Timer","Reset a Timer","","重设 定时","","1",""
"Timer","1.0","Unknown","Unknown",True,"Timer","Reset a Timer","","重设 定时器","","1",""
"Timer","1.0","Unknown","Unknown",True,"Timer","Reset a Timer","","定时 重 置","","1",""
"Timer","1.0","Unknown","Unknown",True,"Timer","Reset a Timer","","重 置 计时器","","1",""
"Timer","1.0","Unknown","Unknown",True,"Timer","Reset a Timer","","重设 计时","","2",""
"Timer","1.0","Unknown","Unknown",True,"Timer","Reset a Timer","","重设 秒表","","2",""
"Timer","1.0","Unknown","Unknown",True,"Timer","Reset a Timer","","秒表 重 置","","2",""
"Timer","1.0","Unknown","Unknown",True,"Timer","Reset a Timer","","定时 重设","","2",""
"Timer","1.0","Unknown","Unknown",True,"Timer","Reset a Timer","","重设 计时器","","2",""
"Timer","1.0","Unknown","Unknown",True,"Timer","Reset a Timer","","计时器 重 置","","2",""
"Timer","1.0","Unknown","Unknown",True,"Timer","Reset a Timer","","定时器 重设","","2",""
"Timer","1.0","Unknown","Unknown",True,"Timer","Reset a Timer","","计时 重 置","","2",""
"Timer","1.0","Unknown","Unknown",True,"Timer","Stop a Timer","","停止 定时","","0",""
"Timer","1.0","Unknown","Unknown",True,"Timer","Stop a Timer","","停止 定时器","","0",""
"Timer","1.0","Unknown","Unknown",True,"Timer","Stop a Timer","","停止 计时器","","1",""
"Timer","1.0","Unknown","Unknown",True,"Timer","Stop a Timer","","停止 计时","","1",""
"Timer","1.0","Unknown","Unknown",True,"Timer","Stop a Timer","","停止 秒表","","1",""
"Timer","1.0","Unknown","Unknown",True,"Timer","Stop a Timer","","定时 停止","","1",""
"Timer","1.0","Unknown","Unknown",True,"Timer","Stop a Timer","","定时器 停止","","1",""
"Timer","1.0","Unknown","Unknown",True,"Timer","Stop a Timer","","停 定时器","","1",""
"Timer","1.0","Unknown","Unknown",True,"Timer","Stop a Timer","","停 定时","","1",""
"Timer","1.0","Unknown","Unknown",True,"Timer","Stop a Timer","","停 计时","","2",""
"Timer","1.0","Unknown","Unknown",True,"Timer","Stop a Timer","","停 秒表","","2",""
"Timer","1.0","Unknown","Unknown",True,"Timer","Stop a Timer","","计时器 停止","","2",""
"Timer","1.0","Unknown","Unknown",True,"Timer","Stop a Timer","","秒表 停止","","2",""
"Timer","1.0","Unknown","Unknown",True,"Timer","Stop a Timer","","定时 停","","2",""
"Timer","1.0","Unknown","Unknown",True,"Timer","Stop a Timer","","计时 停止","","2",""
"Timer","1.0","Unknown","Unknown",True,"Timer","Stop a Timer","","定时器 停","","2",""
"Timer","1.0","Unknown","Unknown",True,"Timer","Stop a Timer","","停 计时器","","2",""
"Timer","1.0","Unknown","Unknown",True,"Timer","Cancel Timer","","取消 定时","","0",""
"Timer","1.0","Unknown","Unknown",True,"Timer","Cancel Timer","","取消 定时器","","0",""
"Timer","1.0","Unknown","Unknown",True,"Timer","Cancel Timer","","关闭 定时","","1",""
"Timer","1.0","Unknown","Unknown",True,"Timer","Cancel Timer","","取消 计时","","1",""
"Timer","1.0","Unknown","Unknown",True,"Timer","Cancel Timer","","去除 定时","","1",""
"Timer","1.0","Unknown","Unknown",True,"Timer","Cancel Timer","","取消 计时器","","1",""
"Timer","1.0","Unknown","Unknown",True,"Timer","Cancel Timer","","退出 定时","","1",""
"Timer","1.0","Unknown","Unknown",True,"Timer","Cancel Timer","","取消 秒表","","1",""
"Timer","1.0","Unknown","Unknown",True,"Timer","Cancel Timer","","关 定时","","1",""
"Timer","1.0","Unknown","Unknown",True,"Timer","Cancel Timer","","关闭 定时器","","1",""
"Timer","1.0","Unknown","Unknown",True,"Timer","Cancel Timer","","关 定时器","","1",""
"Timer","1.0","Unknown","Unknown",True,"Timer","Cancel Timer","","退出 定时器","","1",""
"Timer","1.0","Unknown","Unknown",True,"Timer","Cancel Timer","","去除 定时器","","1",""
"Timer","1.0","Unknown","Unknown",True,"Timer","Cancel Timer","","关闭 计时","","2",""
"Timer","1.0","Unknown","Unknown",True,"Timer","Cancel Timer","","关 秒表","","2",""
"Timer","1.0","Unknown","Unknown",True,"Timer","Cancel Timer","","去除 计时","","2",""
"Timer","1.0","Unknown","Unknown",True,"Timer","Cancel Timer","","去除 计时器","","2",""
"Timer","1.0","Unknown","Unknown",True,"Timer","Cancel Timer","","关闭 秒表","","2",""
"Timer","1.0","Unknown","Unknown",True,"Timer","Cancel Timer","","关 计时器","","2",""
"Timer","1.0","Unknown","Unknown",True,"Timer","Cancel Timer","","退出 秒表","","2",""
"Timer","1.0","Unknown","Unknown",True,"Timer","Cancel Timer","","关闭 计时器","","2",""
"Timer","1.0","Unknown","Unknown",True,"Timer","Cancel Timer","","退出 计时","","2",""
"Timer","1.0","Unknown","Unknown",True,"Timer","Cancel Timer","","去除 秒表","","2",""
"Timer","1.0","Unknown","Unknown",True,"Timer","Cancel Timer","","退出 计时器","","2",""
"Timer","1.0","Unknown","Unknown",True,"Timer","Cancel Timer","","关 计时","","2",""
"Timer","1.0","Unknown","Unknown",True,"Timer","Show Timer","","查看 定时器","","0",""
"Timer","1.0","Unknown","Unknown",True,"Timer","Show Timer","","查看 定时","","0",""
"Timer","1.0","Unknown","Unknown",True,"Timer","Show Timer","","看 看 定时器","","1",""
"Timer","1.0","Unknown","Unknown",True,"Timer","Show Timer","","查看 计时","","1",""
"Timer","1.0","Unknown","Unknown",True,"Timer","Show Timer","","看 下 定时","","1",""
"Timer","1.0","Unknown","Unknown",True,"Timer","Show Timer","","查看 计时器","","1",""
"Timer","1.0","Unknown","Unknown",True,"Timer","Show Timer","","看 下 定时器","","1",""
"Timer","1.0","Unknown","Unknown",True,"Timer","Show Timer","","查看 秒表","","1",""
"Timer","1.0","Unknown","Unknown",True,"Timer","Show Timer","","看 一下 定时器","","1",""
"Timer","1.0","Unknown","Unknown",True,"Timer","Show Timer","","看 一 看 定时器","","1",""
"Timer","1.0","Unknown","Unknown",True,"Timer","Show Timer","","看 一 看 定时","","1",""
"Timer","1.0","Unknown","Unknown",True,"Timer","Show Timer","","看 一下 定时","","1",""
"Timer","1.0","Unknown","Unknown",True,"Timer","Show Timer","","看 看 定时","","1",""
"Timer","1.0","Unknown","Unknown",True,"Timer","Show Timer","","看 看 计时","","2",""
"Timer","1.0","Unknown","Unknown",True,"Timer","Show Timer","","看 下 计时器","","2",""
"Timer","1.0","Unknown","Unknown",True,"Timer","Show Timer","","看 看 秒表","","2",""
"Timer","1.0","Unknown","Unknown",True,"Timer","Show Timer","","看 一下 计时器","","2",""
"Timer","1.0","Unknown","Unknown",True,"Timer","Show Timer","","看 一下 计时","","2",""
"Timer","1.0","Unknown","Unknown",True,"Timer","Show Timer","","看 一 看 计时器","","2",""
"Timer","1.0","Unknown","Unknown",True,"Timer","Show Timer","","看 下 计时","","2",""
"Timer","1.0","Unknown","Unknown",True,"Timer","Show Timer","","看 一下 秒表","","2",""
"Timer","1.0","Unknown","Unknown",True,"Timer","Show Timer","","看 下 秒表","","2",""
"Timer","1.0","Unknown","Unknown",True,"Timer","Show Timer","","看 一 看 计时","","2",""
"Timer","1.0","Unknown","Unknown",True,"Timer","Show Timer","","看 一 看 秒表","","2",""
"Timer","1.0","Unknown","Unknown",True,"Timer","Show Timer","","看 看 计时器","","2",""
